village_name,district,total_area_ha,covered_area_ha,coverage_pct,forest_ha,shrubland_ha,grassland_ha,cropland_ha,water_ha,homesteads_ha,barren_ha,forest_pct,shrubland_pct,grassland_pct,cropland_pct,water_pct,homesteads_pct,barren_pct
Unknown_Village_1,WARANGAL,1424.1826581821722,0.0,0.0,0.0,0.0,0.0,0.0,0.0,0.0,0.0,0.0,0.0,0.0,0.0,0.0,0.0,0.0
Unknown_Village_2,WARANGAL,953.3621278536474,0.0,0.0,0.0,0.0,0.0,0.0,0.0,0.0,0.0,0.0,0.0,0.0,0.0,0.0,0.0,0.0
Unknown_Village_3,WARANGAL,217.82792281177365,0.0,0.0,0.0,0.0,0.0,0.0,0.0,0.0,0.0,0.0,0.0,0.0,0.0,0.0,0.0,0.0
Unknown_Village_4,WARANGAL,899.267214195642,0.0,0.0,0.0,0.0,0.0,0.0,0.0,0.0,0.0,0.0,0.0,0.0,0.0,0.0,0.0,0.0
Unknown_Village_5,WARANGAL,1050.719840375098,11.17895229528988,1.063932731231104,2.267016716634707,0.471311768496644,1.359490312000348,6.541617063849959,0.0,0.0099024595462574,0.5296139747619629,0.2157584381223258,0.0448560834568794,0.1293865652632029,0.6225843286174797,0.0,0.0009424452804395864,0.0504048704907766
Unknown_Village_6,WARANGAL,920.0079509318728,0.0,0.0,0.0,0.0,0.0,0.0,0.0,0.0,0.0,0.0,0.0,0.0,0.0,0.0,0.0,0.0
Unknown_Village_7,WARANGAL,951.0483194244982,884.7213421529158,93.0259087875032,167.69552442213993,44.28729173409263,79.18085173402679,254.8144797882592,8.114618625676727,166.5861557457742,164.04242010294624,17.632702881344287,4.65668156176249,8.325639204319396,26.79301088954696,0.8532288486232827,17.516055950404226,17.248589451502546
Unknown_Village_8,WARANGAL,244.1532886725516,0.0,0.0,0.0,0.0,0.0,0.0,0.0,0.0,0.0,0.0,0.0,0.0,0.0,0.0,0.0,0.0
Unknown_Village_9,WARANGAL,370.49956754897806,0.0,0.0,0.0,0.0,0.0,0.0,0.0,0.0,0.0,0.0,0.0,0.0,0.0,0.0,0.0,0.0
Unknown_Village_10,WARANGAL,952.8273488632584,220.6228216306554,23.154543359178632,22.64216400475594,18.73796859665228,37.07376065318402,48.18063556063428,6.309719293975863,47.67744303819544,40.00113048325761,2.376313403657912,1.966564941592728,3.890921130403503,5.056596624573666,0.6622101371778928,5.003786162842151,4.19815095893078
Unknown_Village_11,WARANGAL,657.1637119445525,0.0,0.0,0.0,0.0,0.0,0.0,0.0,0.0,0.0,0.0,0.0,0.0,0.0,0.0,0.0,0.0
Unknown_Village_12,WARANGAL,450.3549630717629,0.0,0.0,0.0,0.0,0.0,0.0,0.0,0.0,0.0,0.0,0.0,0.0,0.0,0.0,0.0,0.0
Unknown_Village_13,WARANGAL,762.4275943944835,38.33912872643553,5.028559958783272,5.921130345073011,4.359769052883966,6.682955739524677,9.63956645063807,0.0,5.627975593653646,6.107731544662168,0.7766154305807288,0.5718272902158629,0.8765364460388201,1.2643254941859454,0.0,0.7381652546460308,0.8010900431158843
Unknown_Village_14,WARANGAL,1412.1824088976318,133.01947961293502,9.419426185656269,31.197257403606425,21.34680235072719,25.435850929356004,42.39602979645623,0.1420207855224609,4.118739632993217,8.382778714273492,2.2091521043630205,1.511617919627733,1.801173189036646,3.002163851449695,0.0100568300969932,0.2916577636884996,0.5936045273936813
Unknown_Village_15,WARANGAL,747.8478613778708,714.3276847688109,95.51778131085368,132.48312503141736,75.83755868360286,52.53586787725106,354.8772606101309,15.35493081680006,32.786886675492795,50.45205507411573,17.715250905087043,10.14077362524994,7.024940578215529,47.45313571617201,2.0532158490778323,4.384165332115099,6.746299304936226
Unknown_Village_16,WARANGAL,2046.1702749865935,1993.9597294083003,97.44837728235323,336.41511003877844,150.40419711827698,200.68259765325007,917.9512862640614,57.94684339446701,123.04519582511092,207.5144991143557,16.44120795572512,7.350522043883294,9.807717378484783,44.86192070550315,2.831965848729117,6.013438731335157,10.141604618692613
Unknown_Village_17,WARANGAL,694.3568992393771,672.8704103561045,96.90555549936788,105.99010989036708,29.366741927822268,53.0076350854522,379.31876253227074,14.418316853580752,37.79715503826972,52.97168902834159,15.264500144878284,4.229344010262103,7.634061841038611,54.62878858808631,2.076499401010501,5.4434765579018585,7.628884956190202
Unknown_Village_18,WARANGAL,670.5795223736036,363.2421420981968,54.16839166404216,28.93781641213509,41.44647814233837,107.20216191643416,122.60086245901094,4.7069253518886205,19.9738928916932,38.374004924696415,4.315344481398108,6.180695467054103,15.986495015084587,18.282822300485588,0.7019190408958277,2.978601675904597,5.722513683219348
Unknown_Village_19,WARANGAL,411.6999354645181,407.3871668658023,98.95244856090405,47.58555490374678,15.66089175028186,37.294066688214286,258.35385302265223,2.0254972333990318,16.26438912475577,30.202914142752327,11.558310022579027,3.8039577860540073,9.058555388437371,62.75294960421925,0.4919838598258893,3.9505444921687385,7.336147407619725
Unknown_Village_20,WARANGAL,1383.5688150266724,1340.8615868151226,96.91325594016612,237.3817749936828,88.40686350468042,137.69556431140546,737.0444481958925,28.75580480925921,42.27134352135163,69.30578747885052,17.157207680277658,6.389769886724146,9.952202074513435,53.271253311797416,2.0783790800246438,3.0552396861110758,5.009204220717741
Unknown_Village_21,WARANGAL,843.0985200895917,830.7043286829722,98.52992371457344,89.53594692673104,86.25636924254131,199.8083192720129,399.5774376012784,2.9252278767425057,11.483516858311033,41.11751090535502,10.619867642184513,10.230876604240189,23.69928478237399,47.393919936998266,0.3469615717545865,1.3620610859441122,4.876952091077763
Unknown_Village_22,WARANGAL,1004.3232599337034,0.0,0.0,0.0,0.0,0.0,0.0,0.0,0.0,0.0,0.0,0.0,0.0,0.0,0.0,0.0,0.0
Unknown_Village_23,WARANGAL,701.1528449704499,0.0,0.0,0.0,0.0,0.0,0.0,0.0,0.0,0.0,0.0,0.0,0.0,0.0,0.0,0.0,0.0
Unknown_Village_24,WARANGAL,573.0905408444527,8.09031069968729,1.4116985228487915,0.5346123401058421,0.7127248956687777,4.288398055330163,2.432248401468323,0.0,0.0284092971801757,0.0939177099340102,0.0932858426380738,0.1243651473672158,0.748293288702895,0.4244090991075143,0.0,0.0049572092288095,0.0163879358042835
Unknown_Village_25,WARANGAL,116.11770666981096,0.0,0.0,0.0,0.0,0.0,0.0,0.0,0.0,0.0,0.0,0.0,0.0,0.0,0.0,0.0,0.0
Unknown_Village_26,WARANGAL,1084.4682162929028,0.2282338954132678,0.0210456970508045,0.0,0.1535189448696959,0.0664256601819805,0.0082892903615914,0.0,0.0,0.0,0.0,0.0141561497666089,0.0061251827563049,0.0007643645278906513,0.0,0.0,0.0
Unknown_Village_27,WARANGAL,862.2614804123111,826.3906602167596,95.83991387642656,117.8672357783823,52.88921220520888,126.93470880163352,421.1648520917323,14.677410684072482,24.323823387110107,68.53341726861993,13.669546704327,6.133778837008772,14.721138736353693,48.84421508546829,1.7021995087910136,2.8209335497022416,7.94810145477553
Unknown_Village_28,WARANGAL,2866.920845089065,2781.7661517348133,97.02975080389406,362.4621292003392,102.414110258113,180.91986680786897,1731.219798749013,191.51926501809183,69.2857524371337,143.94522926425333,12.642906755560556,3.5722684996184944,6.31059860329867,60.3860340865194,6.680312271130807,2.4167305684709697,5.020900019295143
Unknown_Village_29,WARANGAL,475.0361485660193,438.17096575444,92.23949947327938,63.25311634095103,57.89882177062427,88.14838562659725,164.69756549158208,35.49513194819157,7.428099540692524,21.24984503580132,13.315432211188927,12.18829807908348,18.55614270465285,34.670533177054175,7.472090714641383,1.5636914291924011,4.473311157466172
Unknown_Village_30,WARANGAL,675.7724787569003,624.5114056901377,92.41444795723872,41.04982506485587,24.8942820722782,111.0787133407193,389.48841631901627,11.445125350931242,9.575087888434917,36.97995565390188,6.074503824181773,3.683825970254342,16.437294626891475,57.63602818444006,1.6936359071598808,1.4169100088314517,5.472249435479733
Unknown_Village_31,WARANGAL,1702.255794921308,1638.912547690234,96.27886435046604,151.4723866762738,84.26513863506617,224.0644175266784,783.9110580414211,188.23485002501715,55.14709821649298,151.81759856928412,8.898332855038163,4.950204245829081,13.16279364095432,46.05130793974826,11.05796500071359,3.2396481410740225,8.918612527108614
Unknown_Village_32,WARANGAL,1796.6187969975508,1768.5755434980736,98.43910942341569,143.48092313208528,122.82845855822082,401.2544911556924,895.500082103712,27.974495426923045,53.874816130083794,123.66227699135612,7.9861639748991715,6.836645523440343,22.3338691449881,49.84363314022105,1.5570634946975443,2.998678195959965,6.883055949209503
Unknown_Village_33,WARANGAL,1248.602326129923,1235.9908240718098,98.9899504594707,190.6423854851406,98.67576298793288,216.9576414464467,565.2119037261162,74.18230451458575,28.43894939319987,61.88187651838782,15.26846310434499,7.902897577788526,17.376040145537196,45.267567735357815,5.941227479890721,2.2776626951630923,4.956091721388376
Unknown_Village_34,WARANGAL,517.7449400782594,485.9832456327496,93.86537810669692,48.503069315374425,15.508512933128172,47.39281390791352,304.2547841941301,27.94813907495208,13.515382980771491,28.860543226479766,9.368139707563916,2.995396329857708,9.153699097619358,58.76538052658528,5.398051610263463,2.610432654103502,5.574278180703682
Unknown_Village_35,WARANGAL,1539.875350265043,1461.2167260175852,94.89188366877104,148.18710439921293,110.57771469129317,232.78941797681048,871.2252814973136,11.794349408102647,20.18804914303649,66.45480890181591,9.623318171416082,7.180952320086203,15.117419597420197,56.577649700500665,0.7659288400241363,1.3110183976619751,4.31559664166179
Unknown_Village_36,WARANGAL,620.011622190278,603.7526845329271,97.37763985779593,48.71518306994832,12.347709038938628,45.56719692137434,405.2834787806036,27.13272463340305,18.786773100780398,45.91961898787866,7.8571403061534735,1.991528641885553,7.349410122410581,65.36707769265404,4.376163875372675,3.0300678936329426,7.406251325686633
Unknown_Village_37,WARANGAL,1472.4863035945975,1418.8627883594247,96.35830125521248,193.0851946593248,106.8657793642196,287.77476200910866,513.9700351317501,161.91800520193195,48.51098178454898,106.73803020854083,13.112868635040606,7.257505832369475,19.543459338575847,34.90491109337038,10.996231666580645,3.294494601825848,7.248830087449681
Unknown_Village_38,WARANGAL,977.6707057962672,930.8023101093986,95.20611639389394,73.9955818516062,49.56705062305839,184.47182580079587,485.2097966279203,25.35621069683904,30.952912986797397,81.2489315223813,7.5685587604202835,5.069912633077037,18.868502933260352,49.629163863791895,2.5935328272097085,3.165985520818862,8.310459855315786
Unknown_Village_39,WARANGAL,1096.7991673806473,1054.1457997839814,96.1111050349783,93.57880305600666,29.720838159062865,79.40501700033535,728.7724143485609,26.068662058434537,32.60349038863516,63.99657477294594,8.531990708881516,2.7097794238886546,7.239704347147595,66.44538362378592,2.376794479220035,2.9726034955422267,5.834848956512359
Unknown_Village_40,WARANGAL,960.589157210073,919.5935956173314,95.73224814323234,74.93775847564986,78.79462483425709,290.1040054205989,385.6522888302632,1.4501326896667464,23.6964901258073,64.95829524108845,7.801228851395579,8.202739354575636,30.20063293897409,40.147474696710965,0.1509628417916458,2.466870456317786,6.762339003466661
Unknown_Village_41,WARANGAL,394.9674947627132,23.81304022510905,6.029113924783949,6.032277063649506,3.53397861806832,2.0201609765684854,9.4894706812511,0.0,0.3843549131715065,2.352797972400137,1.5272844331844448,0.8947517618358565,0.5114752488131078,2.402595354575227,0.0,0.0973130493693962,0.5956940770059168
Unknown_Village_42,WARANGAL,297.0802140339618,23.42830477310785,7.886188196440965,6.214848111267097,5.542058244832374,4.485310474518439,5.893684047375864,0.0,0.5555540875932281,0.7368498075208469,2.0919764486761223,1.8655090386459776,1.509797779398962,1.9838695978258944,0.0,0.1870047419346877,0.2480305899593203
Unknown_Village_43,WARANGAL,899.9515284479555,1.1765598209874777,0.1307359100791302,0.0,0.009476936340332,0.3908235004469927,0.6404967451925845,0.0,0.0282080048504997,0.1075546341570685,0.0,0.0010530496410929,0.0434271722523769,0.0711701380514544,0.0,0.0031343915709712,0.0119511585632346
Unknown_Village_44,WARANGAL,351.30615297167674,15.4663423870461,4.402525334730769,1.7371479432917527,0.3254655973606483,1.0658644474134258,11.696783823197348,0.1838093125257304,0.0449762906392415,0.4122949726179534,0.4944826410233146,0.0926444340947504,0.3034004495501559,3.329512940281571,0.0523216889231512,0.012802591203937,0.117360589653889
Unknown_Village_45,WARANGAL,1602.4744910432016,1.0853118204573082,0.0677272447407744,0.038137195632037,0.0,0.0,1.0187389612205349,0.0,0.0,0.0284356636047363,0.0023798940853785,0.0,0.0,0.0635728660215578,0.0,0.0,0.001774484633838
Unknown_Village_46,WARANGAL,351.6233063170233,0.0,0.0,0.0,0.0,0.0,0.0,0.0,0.0,0.0,0.0,0.0,0.0,0.0,0.0,0.0,0.0
Unknown_Village_47,WARANGAL,164.95961035861143,0.0,0.0,0.0,0.0,0.0,0.0,0.0,0.0,0.0,0.0,0.0,0.0,0.0,0.0,0.0,0.0
Unknown_Village_48,WARANGAL,1066.9029248323857,8.101396707709819,0.7593377540869126,0.9327269176797311,0.060529623260498,0.7458935539544802,2.3729384663810014,0.1421246879577636,1.2215719959812543,2.6256114624950904,0.087423784860864,0.0056733955687681,0.0699120357244931,0.2224137183571597,0.0133212389477788,0.1144970144470423,0.2460965661808063
Unknown_Village_49,WARANGAL,1714.0537683782345,0.0,0.0,0.0,0.0,0.0,0.0,0.0,0.0,0.0,0.0,0.0,0.0,0.0,0.0,0.0,0.0
Unknown_Village_50,WARANGAL,551.2330621105816,0.0,0.0,0.0,0.0,0.0,0.0,0.0,0.0,0.0,0.0,0.0,0.0,0.0,0.0,0.0,0.0
Unknown_Village_51,WARANGAL,246.810918221903,0.0,0.0,0.0,0.0,0.0,0.0,0.0,0.0,0.0,0.0,0.0,0.0,0.0,0.0,0.0,0.0
Unknown_Village_52,WARANGAL,701.9998663814712,0.0,0.0,0.0,0.0,0.0,0.0,0.0,0.0,0.0,0.0,0.0,0.0,0.0,0.0,0.0,0.0
Unknown_Village_53,WARANGAL,274.63204340483315,0.0,0.0,0.0,0.0,0.0,0.0,0.0,0.0,0.0,0.0,0.0,0.0,0.0,0.0,0.0,0.0
Unknown_Village_54,WARANGAL,1878.2227506860372,0.0,0.0,0.0,0.0,0.0,0.0,0.0,0.0,0.0,0.0,0.0,0.0,0.0,0.0,0.0,0.0
Unknown_Village_55,WARANGAL,565.2151827157633,0.0,0.0,0.0,0.0,0.0,0.0,0.0,0.0,0.0,0.0,0.0,0.0,0.0,0.0,0.0,0.0
Unknown_Village_56,WARANGAL,1318.3406304912735,0.0,0.0,0.0,0.0,0.0,0.0,0.0,0.0,0.0,0.0,0.0,0.0,0.0,0.0,0.0,0.0
Unknown_Village_57,WARANGAL,1194.3962313286704,0.0,0.0,0.0,0.0,0.0,0.0,0.0,0.0,0.0,0.0,0.0,0.0,0.0,0.0,0.0,0.0
Unknown_Village_58,WARANGAL,197.0090629200015,0.0,0.0,0.0,0.0,0.0,0.0,0.0,0.0,0.0,0.0,0.0,0.0,0.0,0.0,0.0,0.0
Unknown_Village_59,WARANGAL,349.1593375641508,0.0,0.0,0.0,0.0,0.0,0.0,0.0,0.0,0.0,0.0,0.0,0.0,0.0,0.0,0.0,0.0
Unknown_Village_60,WARANGAL,1048.7407402260033,0.0,0.0,0.0,0.0,0.0,0.0,0.0,0.0,0.0,0.0,0.0,0.0,0.0,0.0,0.0,0.0
Unknown_Village_61,WARANGAL,1458.5368715642328,0.0,0.0,0.0,0.0,0.0,0.0,0.0,0.0,0.0,0.0,0.0,0.0,0.0,0.0,0.0,0.0
Unknown_Village_62,WARANGAL,2139.438329032212,3.088334595043705,0.1443525879262307,0.7504887122988223,0.6042769545222261,0.2280302456665038,1.2371982428636743,0.0,0.0730859290986902,0.1952545105937883,0.0350787728776604,0.0282446540441095,0.0106584163970575,0.0578281797645145,0.0,0.0034161269388751,0.0091264379040134
Unknown_Village_63,WARANGAL,772.8819176055985,41.53490260273657,5.374029545342763,8.739301093486732,6.3644906077485945,5.605379026908127,19.57628175707949,0.0,0.2652884178161621,0.9841616996974568,1.130742082899447,0.8234751600174444,0.7252568470321686,2.532894263812919,0.0,0.0343245729746181,0.1273366186061652
Unknown_Village_64,WARANGAL,362.7129873771616,0.0,0.0,0.0,0.0,0.0,0.0,0.0,0.0,0.0,0.0,0.0,0.0,0.0,0.0,0.0,0.0
Unknown_Village_65,WARANGAL,1962.5105347074968,0.0,0.0,0.0,0.0,0.0,0.0,0.0,0.0,0.0,0.0,0.0,0.0,0.0,0.0,0.0,0.0
Unknown_Village_66,WARANGAL,609.9574125447866,0.0,0.0,0.0,0.0,0.0,0.0,0.0,0.0,0.0,0.0,0.0,0.0,0.0,0.0,0.0,0.0
Unknown_Village_67,WARANGAL,787.3170334598176,0.0,0.0,0.0,0.0,0.0,0.0,0.0,0.0,0.0,0.0,0.0,0.0,0.0,0.0,0.0,0.0
Unknown_Village_68,WARANGAL,859.9912980667602,0.0,0.0,0.0,0.0,0.0,0.0,0.0,0.0,0.0,0.0,0.0,0.0,0.0,0.0,0.0,0.0
Unknown_Village_69,WARANGAL,377.1504797387324,0.0,0.0,0.0,0.0,0.0,0.0,0.0,0.0,0.0,0.0,0.0,0.0,0.0,0.0,0.0,0.0
Unknown_Village_70,WARANGAL,915.9421106946552,14.524568361636844,1.585751784097069,2.152647681573611,0.3559644566016103,0.2279127140718347,11.66801024662985,0.0,0.0821407960240981,0.0378924667358398,0.2350200581935284,0.0388632046114404,0.0248828732089831,1.273880751893891,0.0,0.0089679025633838,0.0041369936258419
Unknown_Village_71,WARANGAL,530.6015744265817,0.0,0.0,0.0,0.0,0.0,0.0,0.0,0.0,0.0,0.0,0.0,0.0,0.0,0.0,0.0,0.0
Unknown_Village_72,WARANGAL,947.7441193085434,0.0,0.0,0.0,0.0,0.0,0.0,0.0,0.0,0.0,0.0,0.0,0.0,0.0,0.0,0.0,0.0
Unknown_Village_73,WARANGAL,1593.0917629527803,0.0,0.0,0.0,0.0,0.0,0.0,0.0,0.0,0.0,0.0,0.0,0.0,0.0,0.0,0.0,0.0
Unknown_Village_74,WARANGAL,676.5797023726105,0.0,0.0,0.0,0.0,0.0,0.0,0.0,0.0,0.0,0.0,0.0,0.0,0.0,0.0,0.0,0.0
Unknown_Village_75,WARANGAL,2267.6889266646317,0.0,0.0,0.0,0.0,0.0,0.0,0.0,0.0,0.0,0.0,0.0,0.0,0.0,0.0,0.0,0.0
Unknown_Village_76,WARANGAL,837.6965862218775,0.0,0.0,0.0,0.0,0.0,0.0,0.0,0.0,0.0,0.0,0.0,0.0,0.0,0.0,0.0,0.0
Unknown_Village_77,WARANGAL,1187.5152635562458,0.0,0.0,0.0,0.0,0.0,0.0,0.0,0.0,0.0,0.0,0.0,0.0,0.0,0.0,0.0,0.0
Unknown_Village_78,WARANGAL,1395.9782033640097,0.0,0.0,0.0,0.0,0.0,0.0,0.0,0.0,0.0,0.0,0.0,0.0,0.0,0.0,0.0,0.0
Unknown_Village_79,WARANGAL,541.8459266204671,0.0,0.0,0.0,0.0,0.0,0.0,0.0,0.0,0.0,0.0,0.0,0.0,0.0,0.0,0.0,0.0
Unknown_Village_80,WARANGAL,1300.625895549649,683.3986780619791,52.543831427650645,129.59107014096668,189.61180188968447,135.1173315466966,186.5970141401297,9.600465309217912,6.378048899521162,26.502946135762528,9.963746730277196,14.578504283090094,10.388639193562692,14.3467091327805,0.7381419470477885,0.4903830472194141,2.03770709367295
Unknown_Village_81,WARANGAL,550.8206705381826,537.3359899709807,97.55189278680724,108.42167361443524,55.26141057022992,39.20872898070707,277.3999018582154,4.220083526877597,19.4901477100058,33.33404371050964,19.683661019565807,10.032559329379636,7.118238489924125,50.36120042248599,0.7661447277848777,3.5383834980199333,6.051705299646873
Unknown_Village_82,WARANGAL,462.8258784882157,458.55962240839966,99.07821574416896,91.3608170195929,32.392847401769245,40.13695751090865,246.82633399906015,1.944731518126838,18.050216839785104,27.847718119156745,19.7397814741941,6.998927438452217,8.672150667549719,53.330279371002106,0.420186426152131,3.900001637493719,6.016888729324973
Unknown_Village_83,WARANGAL,507.8500086137147,494.3364224006753,97.33905956801544,103.8156726847118,31.123654329558796,27.86901551706361,275.4747925945278,18.89995536403885,13.155322853234953,23.99800905753943,20.442191773925316,6.128513104591151,5.487646951732471,54.24333719054081,3.721562477793458,2.5903953195049105,4.725412749927313
Unknown_Village_84,WARANGAL,852.3946793220026,837.8953763860503,98.29899185345865,167.83418998234606,81.23281912730232,72.51671360558278,432.49824993039033,10.349626128686683,25.39993280107986,48.063844810662175,19.689727546849763,9.529953799326288,8.507410400926341,50.739201032366935,1.214182394582614,2.979832396570453,5.638684282836246
Unknown_Village_85,WARANGAL,1085.7733461861717,939.1106486961452,86.49232843989162,141.61147599880883,94.79473309844876,103.40260079906972,439.48979581350784,12.829454416357333,38.24451438103468,108.73807418891792,13.042452782270406,8.730618911526939,9.523405705461094,40.47712143213275,1.1815959989643672,3.5223294544271395,10.014804155108925
Unknown_Village_86,WARANGAL,708.2136398690959,682.4461316933166,96.3616193299324,144.40298133447445,55.942777393655554,35.83256401230473,389.97755273690274,15.600765937805194,13.4012427056197,27.28824757255411,20.38974868673321,7.899138655956393,5.0595698804852045,55.06495932625429,2.2028333061601004,1.8922598988769472,3.8531095754662377
Unknown_Village_87,WARANGAL,748.3147127937949,708.0705237667837,94.62202354985624,172.6749163072936,50.77625016007949,42.14456152565483,405.72434589783376,0.1705309944152832,9.368951376178204,27.21096750532856,23.0751732332805,6.785413849543189,5.631930096404259,54.21841091204562,0.0227886732012276,1.2520068382993168,3.6362999470821302
Unknown_Village_88,WARANGAL,425.1318901525382,375.3306507582173,88.2856966160661,95.60851297398254,62.59216274166664,30.37910827527207,152.82956284882405,0.0284224143981933,8.383343069362253,25.509538434711494,22.489141649589733,14.722998719105368,7.145807919601606,35.94874117629437,0.0066855521913435,1.971939358949124,6.000382240334552
Unknown_Village_89,WARANGAL,1698.707705359209,6.474160801002652,0.3811227076075236,1.48250374543732,0.376494237799551,0.2140034681103276,3.896492469087491,0.0,0.1589249316196816,0.3457419489482803,0.08727244485677,0.0221635680236075,0.0125980159762137,0.2293798077676664,0.0,0.0093556372952388,0.0203532336880269
Unknown_Village_90,WARANGAL,349.6468062795896,0.0,0.0,0.0,0.0,0.0,0.0,0.0,0.0,0.0,0.0,0.0,0.0,0.0,0.0,0.0,0.0
Unknown_Village_91,WARANGAL,235.0810149317988,1.6339941348685474,0.6950770292286674,0.1852338617571662,0.332530259181004,0.0583918588196997,1.0552025241926606,0.0,0.0,0.0026356309180166,0.0787957555019514,0.1414534726581289,0.024839036379284,0.4488676061309304,0.0,0.0,0.0011211585583724
Unknown_Village_92,WARANGAL,1372.720162405148,247.66377483687413,18.0418253930897,26.253537700877487,18.183379641077448,29.8969535407872,140.83640530464538,0.0189325386047363,10.746274897167734,21.72829121371415,1.912519275223478,1.324623921107,2.177935048932671,10.259658826449042,0.0013791986978296,0.7828452725819329,1.5828638500977457
Unknown_Village_93,WARANGAL,156.77617816173378,0.0,0.0,0.0,0.0,0.0,0.0,0.0,0.0,0.0,0.0,0.0,0.0,0.0,0.0,0.0,0.0
Unknown_Village_94,WARANGAL,183.39737639857205,0.0,0.0,0.0,0.0,0.0,0.0,0.0,0.0,0.0,0.0,0.0,0.0,0.0,0.0,0.0,0.0
Unknown_Village_95,WARANGAL,742.1141510271085,0.0,0.0,0.0,0.0,0.0,0.0,0.0,0.0,0.0,0.0,0.0,0.0,0.0,0.0,0.0,0.0
Unknown_Village_96,WARANGAL,224.18202719506945,0.0,0.0,0.0,0.0,0.0,0.0,0.0,0.0,0.0,0.0,0.0,0.0,0.0,0.0,0.0,0.0
Unknown_Village_97,WARANGAL,1433.0335513714826,0.0,0.0,0.0,0.0,0.0,0.0,0.0,0.0,0.0,0.0,0.0,0.0,0.0,0.0,0.0,0.0
Unknown_Village_98,WARANGAL,263.7986591891497,48.90279324039834,18.53792335060123,4.645313838842056,2.62888543667364,1.8658416686383408,35.97259058712829,0.0,0.6724381106956329,3.1177235984203837,1.7609315578481617,0.9965499615328478,0.7072976316003522,13.636381131617169,0.0,0.2549058106521608,1.18185725735054
Unknown_Village_99,WARANGAL,445.9372359878325,0.0,0.0,0.0,0.0,0.0,0.0,0.0,0.0,0.0,0.0,0.0,0.0,0.0,0.0,0.0,0.0
Unknown_Village_100,WARANGAL,55.87447333568443,0.0,0.0,0.0,0.0,0.0,0.0,0.0,0.0,0.0,0.0,0.0,0.0,0.0,0.0,0.0,0.0
Unknown_Village_101,WARANGAL,271.5022954526464,0.0,0.0,0.0,0.0,0.0,0.0,0.0,0.0,0.0,0.0,0.0,0.0,0.0,0.0,0.0,0.0
Unknown_Village_102,WARANGAL,427.1790561006207,0.0,0.0,0.0,0.0,0.0,0.0,0.0,0.0,0.0,0.0,0.0,0.0,0.0,0.0,0.0,0.0
Unknown_Village_103,WARANGAL,423.5300290560622,0.0,0.0,0.0,0.0,0.0,0.0,0.0,0.0,0.0,0.0,0.0,0.0,0.0,0.0,0.0,0.0
Unknown_Village_104,WARANGAL,362.4334174829949,0.0,0.0,0.0,0.0,0.0,0.0,0.0,0.0,0.0,0.0,0.0,0.0,0.0,0.0,0.0,0.0
Unknown_Village_105,WARANGAL,689.9460609847661,0.0,0.0,0.0,0.0,0.0,0.0,0.0,0.0,0.0,0.0,0.0,0.0,0.0,0.0,0.0,0.0
Unknown_Village_106,WARANGAL,667.6867137306373,0.0,0.0,0.0,0.0,0.0,0.0,0.0,0.0,0.0,0.0,0.0,0.0,0.0,0.0,0.0,0.0
Unknown_Village_107,WARANGAL,435.9759407651211,0.0,0.0,0.0,0.0,0.0,0.0,0.0,0.0,0.0,0.0,0.0,0.0,0.0,0.0,0.0,0.0
Unknown_Village_108,WARANGAL,120.5088000044288,0.0,0.0,0.0,0.0,0.0,0.0,0.0,0.0,0.0,0.0,0.0,0.0,0.0,0.0,0.0,0.0
Unknown_Village_109,WARANGAL,596.7095521248683,0.0,0.0,0.0,0.0,0.0,0.0,0.0,0.0,0.0,0.0,0.0,0.0,0.0,0.0,0.0,0.0
Unknown_Village_110,WARANGAL,724.672797233001,89.14565954310393,12.30150488378844,13.449706689082133,59.50029893239333,12.737136972204487,0.7717656286172312,0.0378449356079101,0.6729260515609446,1.9759803336379096,1.8559695824704323,8.210643363402317,1.757639726623983,0.1064984958127369,0.0052223480379576,0.0928592951371102,0.2726720723039064
Unknown_Village_111,WARANGAL,210.18670761329545,0.0,0.0,0.0,0.0,0.0,0.0,0.0,0.0,0.0,0.0,0.0,0.0,0.0,0.0,0.0,0.0
Unknown_Village_112,WARANGAL,57.84565378260827,0.0,0.0,0.0,0.0,0.0,0.0,0.0,0.0,0.0,0.0,0.0,0.0,0.0,0.0,0.0,0.0
Unknown_Village_113,WARANGAL,43.703652543004985,0.0,0.0,0.0,0.0,0.0,0.0,0.0,0.0,0.0,0.0,0.0,0.0,0.0,0.0,0.0,0.0
Unknown_Village_114,WARANGAL,53.05738449242042,0.0,0.0,0.0,0.0,0.0,0.0,0.0,0.0,0.0,0.0,0.0,0.0,0.0,0.0,0.0,0.0
Unknown_Village_115,WARANGAL,1189.5947053437085,0.0,0.0,0.0,0.0,0.0,0.0,0.0,0.0,0.0,0.0,0.0,0.0,0.0,0.0,0.0,0.0
Unknown_Village_116,WARANGAL,397.7138707145545,1.901162524090936,0.4780226851719311,0.5797973147014545,1.0511083058196429,0.2145503447708429,0.0557065587989956,0.0,0.0,0.0,0.1457825229127058,0.2642875653120078,0.0539459044728236,0.0140066924743937,0.0,0.0,0.0
Unknown_Village_117,WARANGAL,188.8505899014074,186.7570535341002,98.89143244487605,9.890956359244004,18.027851031051345,43.146038399425294,86.20380938518403,6.640084707641617,4.095578270485071,18.75273538106884,5.237450602832505,9.546091987567042,22.8466527014559,45.64656611884991,3.5160518752460264,2.1686870412336203,9.929932117691038
Unknown_Village_118,WARANGAL,438.9313126993619,430.9679258962871,98.1857328076912,65.39657345905086,15.273236183869548,30.54793180895327,218.0972469743629,2.509009753648341,34.924569637068004,64.21935807933413,14.899044922740124,3.47964151610452,6.959615530978653,49.6882406573132,0.5716178547887837,7.956727767332689,14.630844558433228
Unknown_Village_119,WARANGAL,1533.2725519796777,1523.934373594524,99.39096422399942,97.72240326698142,53.73851893565443,176.48572648686135,747.331896688613,0.0283856185913085,165.76008640177645,282.86735619604593,6.373452856819722,3.504824948850105,11.510394956134355,48.74096883321227,0.0018513093810137,10.81086896049604,18.44860235910589
Unknown_Village_120,WARANGAL,194.1576633101754,191.76015519974104,98.76517461656704,27.04206494725573,10.383636705726255,13.634810874340666,106.83234040781642,0.0567742500305175,9.190846526564084,24.61968148800736,13.92788957500732,5.348043712875726,7.022545822751511,55.0234992461498,0.0292413129940785,4.733702687738522,12.68025225905008
Unknown_Village_121,WARANGAL,5851.150154007395,5791.27592430427,98.9767100804597,1236.5875406433445,1776.3696476850164,1168.5073187505366,1112.5160844257816,104.3711297805478,118.85361439396304,274.0705886250807,21.13409343625232,30.35932425129097,19.970557719326983,19.013630741706915,1.7837711737591462,2.0312863499591,4.684046408164255
Unknown_Village_122,WARANGAL,843.2681193298358,839.6217006436884,99.56758489944512,62.14638812122434,28.08279137903829,77.68013370178996,460.8888841935578,0.1035961168176987,85.58169553867239,125.13821159258778,7.369706822382124,3.3302327854344025,9.211795385259448,54.65508224831701,0.0122850745146192,10.14881193500901,14.839670648528482
Unknown_Village_123,WARANGAL,319.81099684002373,316.58570497323444,98.99150063673306,77.17647707834537,32.43283137910711,22.93152871142206,138.20910026017268,1.97821203460694,17.083127994716758,26.774427514863557,24.13190223003829,10.14124958164922,7.170337773873642,43.21586863046733,0.6185566019158758,5.3416324527646255,8.371953366024087
Unknown_Village_124,WARANGAL,507.0371026648949,468.44850813224593,92.38939432048772,58.03345451533842,35.77861343217705,69.40482361419078,197.69288481820607,6.758457863132227,36.151816261114455,64.6284576280869,11.445603134430424,7.056409332597389,13.688312600677865,38.9898261447078,1.3329316193254892,7.130013971582567,12.746297517166196
Unknown_Village_125,WARANGAL,195.5170154580535,194.6307431381172,99.54670322792111,28.01137445740012,18.70058304458008,19.938687613121317,108.32033920371993,0.0,6.304966390850572,13.354792428445167,14.326821832757425,9.564683155974285,10.197929610581124,55.40200117618874,0.0,3.224766077816511,6.830501374603032
Unknown_Village_126,WARANGAL,341.4121833510948,340.16701006263384,99.63528738891532,17.101756654034688,15.769893866445436,53.6965491026417,190.343512302542,0.0,19.332895461389825,43.92240267558017,5.009123132682092,4.619019072974411,15.727777660301678,55.75182186946158,0.0,5.662626117096893,12.86491953639865
Unknown_Village_127,WARANGAL,428.91875251706966,427.345394530792,99.63318041539462,22.88727931204721,14.64343117863071,59.62286831315442,215.99087517228872,0.0,25.38157765685136,88.81936289781952,5.3360407251339215,3.414033798405199,13.90073713570768,50.35706037676516,0.0,5.917572385889387,20.707735993493262
Unknown_Village_128,WARANGAL,394.95565101851287,389.5580234923967,98.63335857780572,43.85645292403263,10.57153944592949,30.87088862908197,218.49699216346744,2.43290406646728,27.996767135425934,55.33247912799197,11.104146202475006,2.67663962236458,7.816292424091675,55.32190553547132,0.6159942414276892,7.088585025490275,14.009795526485163
Unknown_Village_129,WARANGAL,110.27777178672608,107.75093061196856,97.70865775231262,11.266467704054833,10.12616157345634,25.73301238802129,48.68977512930643,1.3903395175320503,3.138833240120077,7.406341059477533,10.216444820669611,9.182414016344142,23.334722828629666,44.15193954360178,1.260761343837202,2.8462972993238265,6.716077899906408
Unknown_Village_130,WARANGAL,1008.0550591478922,965.0233223114147,95.73121165892942,93.82570170019083,40.37638928661546,91.03768128453252,441.9600607158528,3.2375589973449723,121.10576549087804,173.48016483600026,9.307596926253376,4.005375392961728,9.031022706387343,43.842849327043815,0.3211688655262221,12.013804642104429,17.20939379865251
Unknown_Village_131,WARANGAL,955.6416776955896,778.7158478518212,81.48617478986446,55.72553329204216,25.55698743725053,70.03375223368015,378.484064184961,165.6992528229619,31.612101511269405,51.60415636965588,5.831216301325128,2.6743274214324786,7.328453108340543,39.605227881817385,17.339056750070274,3.307945043533266,5.39994828334537
Unknown_Village_132,WARANGAL,220.38590535801904,216.9318614145543,98.4327291993317,23.952125037925555,9.326624915744562,19.44429106487787,139.27901946612673,0.3311506713867188,8.521626299468403,16.07702395902447,10.868265372513315,4.231951630751237,8.82283784586425,63.19778900554762,0.1502594600361403,3.8666838905260015,7.294941994093129
Unknown_Village_133,WARANGAL,449.074981396213,446.660566618187,99.4623582078611,28.23850604957721,25.69703423766193,58.303289269821626,146.74909787963264,0.3974423233032227,76.8863608421084,110.38883601608195,6.288149467107086,5.722214619431176,12.982974266023827,32.67808360719116,0.0885024416340318,17.12105194617212,24.581381860301708
Unknown_Village_134,WARANGAL,326.9151528145725,324.8428160600019,99.36609339251214,51.66142929601921,10.013341643616853,20.284393871017084,165.85722999076214,0.1230272163391113,22.822156496887104,54.08123754536035,15.80270258237977,3.062978744609142,6.204788519705744,50.73402947609375,0.0376327665695241,6.981064138630464,16.542897164523737
Unknown_Village_135,WARANGAL,1541.9149665383136,1532.9481700950173,99.41846362232106,131.76765816396127,49.47630528328353,139.58873264254743,759.2363873934734,0.3974618400573732,218.8718319006614,233.60979287103305,8.545714972842317,3.208757055803189,9.052946217645973,49.23983513163518,0.0257771568914528,14.194805592427777,15.150627495075184
Unknown_Village_136,WARANGAL,185.5756871394987,180.6985903586272,97.37190962024816,31.00840856296277,13.773325933505731,22.288866938398645,101.80414310143097,0.0813274781530043,4.193161329435457,7.549357014740561,16.709305535079878,7.421945269776753,12.01066113883977,54.85855645783168,0.0438244251747643,2.259542396996986,4.068074396548321
Unknown_Village_137,WARANGAL,234.39558862064789,233.61480790377112,99.666896155567,40.230720083501495,30.678957450136792,25.793879123481386,123.76392869341022,0.0,4.744493104331838,8.402829448909396,17.163599502980396,13.088538752232424,11.00442174499576,52.80130459012737,0.0,2.024139247778444,3.5848923174525957
Unknown_Village_138,WARANGAL,1034.387127844717,1014.4847367457896,98.07592432628232,187.6850710490643,245.6318883912629,229.44996627089816,317.1414530849268,0.0007798627875832951,8.30527614469041,26.2703019421596,18.144567541180745,23.746611087772283,22.182213998446368,30.659841421821746,7.539370575968427e-05,0.8029175848306964,2.5396972985247084
Unknown_Village_139,WARANGAL,843.765530003294,806.9692418487543,95.63903870849096,92.06077575776143,41.092398925161405,69.35132343875802,393.8571133756524,62.07760922753795,56.19935553771836,92.33066558616484,10.9107059347876,4.870120603883994,8.21926482804853,46.67850242402232,7.357210862512434,6.660541766561495,10.942692288674603
Unknown_Village_140,WARANGAL,441.8924206094561,439.04692086598135,99.35606504869438,46.09567472634997,24.309360918381632,45.66202673884685,241.4703618917041,0.0542024855669806,34.278670298333694,47.17662380679815,10.431424612980464,5.501194359671131,10.3332903234389,54.64460367042938,0.0122659912320344,7.757243324304295,10.676042766638169
Unknown_Village_141,WARANGAL,1506.9780038081112,1435.3677824733109,95.24809113644378,268.44008393589075,114.00999211216072,81.77568062315153,813.9660534427799,29.772653712950987,40.46823231499155,86.93508633138529,17.813138828672127,7.56547154796282,5.4264680981743325,54.01313432484746,1.9756528388414385,2.6853897145631143,5.768835783382479
Unknown_Village_142,WARANGAL,1145.8401872499535,1088.294316664238,94.9778449712235,202.5238509364134,66.178714840265,79.32758172050626,597.4179463945889,14.791687922919715,37.56456153586564,90.4899733136793,17.674703085992814,5.775562384410312,6.923092993525957,52.137981634978914,1.2909032243335914,3.278342124308065,7.897259523673855
Unknown_Village_143,WARANGAL,1187.8187090526396,1171.6193804680067,98.63621203630032,218.5498729329815,82.89321133884198,88.81275119340512,654.9270245727283,22.82843205566416,32.87401668264659,70.73407169173896,18.39926171118224,6.978607990183497,7.476961805412115,55.13695142039596,1.9218784719994249,2.76759546150487,5.9549551756222
Unknown_Village_144,WARANGAL,1695.9035782043743,1663.6462956079783,98.09792944534324,254.33738779411587,91.06528152219646,110.77214042258557,1001.6245048980556,33.82358634262076,69.33104623198277,102.69234839642154,14.997160868273465,5.369720465984071,6.531747550168583,59.06140642492053,1.9944286206668205,4.088147883111999,6.055317632217768
Unknown_Village_145,WARANGAL,790.7691408302412,739.2422934256041,93.4839582446859,99.40701111254111,26.233771394775925,35.42340083482039,413.2242701392657,64.04175368219413,39.24846037747853,61.66362588452834,12.570926959563964,3.317500650977941,4.479613455531256,52.255993412364944,8.098666270026124,4.963327265941478,7.797930230280194
Unknown_Village_146,WARANGAL,714.7589078778531,696.2274825152728,97.40731802593398,76.5400221372086,27.00423628244748,76.45273722161289,460.8451604054861,3.8712677742871993,14.340164247915206,37.1738944463152,10.70850902221826,3.778090204237413,10.696297223997394,64.47560923357406,0.5416186817148098,2.006293883134904,5.200899777057124
Unknown_Village_147,WARANGAL,1547.9691880920327,1445.764420544086,93.39749341691224,233.6727600870852,57.13270298897268,72.94585041941036,891.3541116840573,22.7267560836792,71.33712902915536,96.59511025172552,15.095440005178736,3.69081655038575,4.712358035325019,57.58216110119777,1.468165920775938,4.608433396344456,6.2401184077045455
Unknown_Village_148,WARANGAL,1073.7287739922683,1022.1853453529168,95.19958579039414,150.58164284160043,59.66055391637451,83.52116991264982,611.9043458069171,40.59908536148055,28.49213226294721,47.426415250947024,14.02417877670518,5.556389598701777,7.778609639202166,56.98872570321221,3.7811304255661953,2.653568848398243,4.416982798608369
Unknown_Village_149,WARANGAL,869.1045697503884,683.0631657635844,78.59389877098033,95.89808579191966,46.74408019214698,46.59151231109638,439.9283752573001,14.268834069061317,12.46812613746495,27.16415200459504,11.034125136341434,5.378418411212834,5.360863805431114,50.61857808245674,1.6417856453291233,1.4345944747530053,3.12553321545608
Unknown_Village_150,WARANGAL,967.6753974967908,947.6031154528188,97.9257215698678,164.4193164493825,84.72854706975308,73.81127326931565,491.9993766840971,11.103765803922755,38.82718508060172,82.713651095746,16.99116427623425,8.75588521615112,7.627689353294779,50.84343137758949,1.147468028291954,4.012418335842882,8.547664982463328
Unknown_Village_151,WARANGAL,420.0461706446894,411.86210542929535,98.05162722877984,89.71524015818079,60.55426193736029,40.58537671442648,190.889489030839,3.1165837070061166,5.633328091418678,21.36782579006402,21.35842353246199,14.416096650618488,9.662122773821697,45.44488257989845,0.7419621757824301,1.3411211636027087,5.087018352594085
Unknown_Village_152,WARANGAL,681.5998158168619,678.998370393007,99.6183324344451,226.3142596916407,76.69924509123409,59.042439952960336,268.89134754208123,0.0283929740905761,17.562940059859276,30.45974508114065,33.203392143000336,11.252826557664784,8.66233214605568,39.450032306688485,0.0041656369957419,2.5767231229091525,4.468860521130896
Unknown_Village_153,WARANGAL,306.7681818126952,278.0975246650218,90.6539664647558,46.33009284705892,8.726670428158597,17.84870430478558,119.21890934108404,49.22476667129282,13.927218230578822,22.82116284206302,15.102639580576485,2.8447117222498908,5.81830364522079,38.86286662346099,16.04624259935413,4.539981346267009,7.439220947626518
Unknown_Village_154,WARANGAL,718.8255776298488,702.8724104824339,97.78066228527696,128.99365949898177,76.7796057057451,52.338766336185365,341.2107187746691,46.28785268285359,20.479241815239288,36.78256566875967,17.945056980903036,10.681256774266023,7.281149692636095,47.46780434548919,6.439371959394717,2.8489862426382446,5.117036289949666
Unknown_Village_155,WARANGAL,1379.6190531973311,1330.208513151632,96.41853742660425,167.1743174678552,52.8696203768944,69.35312550341936,761.3191786751818,168.71921438869995,44.24381082657991,66.52924591300129,12.117425972076926,3.832189781256399,5.026976493452326,55.18328968498872,12.229405936202848,3.206958524097129,4.822291034529908
Unknown_Village_156,WARANGAL,647.1192055055585,624.232557537981,96.46330262293831,98.55293726574575,53.54065579508842,56.588360120239365,326.91555922868275,17.647564670562694,31.448869358266364,39.53861109939569,15.229487307327217,8.27369290535274,8.744657806289338,50.51859942454987,2.727096417541128,4.859826302589351,6.10994245928868
Unknown_Village_157,WARANGAL,596.2719799901188,535.1107128863662,89.74272326115909,66.2491212040681,21.60123066689584,46.11348884689315,350.03783150508684,5.431892531433103,15.415840838898342,30.261307293090766,11.110554147650198,3.622714363880356,7.733633374430461,58.70439048819426,0.9109756476437344,2.5853706624204964,5.075084576939578
Unknown_Village_158,WARANGAL,1025.9317415713158,1003.4926209235948,97.81280569276926,138.38592719412893,188.55511058970512,150.3662032396214,413.27415469938205,46.64094391456143,8.839534189967752,57.43074709622797,13.488804526330108,18.378913815544333,14.656550445482925,40.28281199940377,4.54620341925733,0.8616103617604356,5.597911124990353
Unknown_Village_159,WARANGAL,169.10256260417182,168.30295586218725,99.5271468807624,22.71594942214371,20.214342753044587,34.491411570880345,56.19568885272744,0.7753312278747562,5.179651363300999,28.73058067221545,13.433237836446184,11.953894986418078,20.39674091256464,33.23171925210143,0.458497621759653,3.063023577842111,16.990032693630305
Unknown_Village_160,WARANGAL,518.3430897199261,516.1721202737954,99.58117133435624,35.38100858977667,24.69310384489757,82.37239727009216,311.7649489610279,1.7020759201049862,15.06259024988216,45.19599543801394,6.82578957672493,4.763853195812812,15.891481704636991,60.14644646453809,0.3283685948286994,2.905911267770708,8.719320530044007
Unknown_Village_161,WARANGAL,42.3919303691189,42.25358320202117,99.67364739965106,0.0661933853149414,2.496772986638683,11.275428579487532,21.62414322027484,0.3877041358947755,1.103184202186735,5.300156692223665,0.1561461927743707,5.889736477906414,26.598054113858677,51.01004609128936,0.9145706093563624,2.602344815583977,12.50274909888192
Unknown_Village_162,WARANGAL,157.22708490944507,127.07495107220797,80.82255747818307,8.173413402216267,4.351678888998602,8.301269408273143,81.072612449553,10.705416533726703,3.575187844214358,10.895372545225882,5.19847671724229,2.767766693318108,5.279796043445224,51.56402441490712,6.80888826495288,2.2739007380779763,6.929704606239485
Unknown_Village_163,WARANGAL,133.8164563873957,131.52617486734786,98.28849038311289,44.39451598847054,5.35560259937962,4.399498743537468,69.51919719015716,0.0094626502990722,3.261220297097605,4.586677398406405,33.175677481661445,4.002200285348514,3.287711289261028,51.95115688081039,0.0070713651777462,2.437084634535863,3.4275884463178987
Unknown_Village_164,WARANGAL,959.4708642546212,933.1569094347266,97.2574513932388,217.51319163812735,36.79420157150863,54.88872100998247,514.0217844156552,17.46443012468528,42.431612720283226,50.0429679544844,22.670119515000135,3.8348430309129538,5.720728273768225,53.57346466325274,1.8202147428679631,4.422397208824766,5.215683958612021
Unknown_Village_165,WARANGAL,277.2861845635101,274.61958950418256,99.03832386617992,68.20520527990317,9.017785128257634,15.84990622849407,156.3409163233053,1.5178751031344535,7.210262085281071,16.477639355806893,24.597404803008256,3.252158106056735,5.716082196249406,56.38251201350303,0.5474037971000306,2.600296187360038,5.942466762902435
Unknown_Village_166,WARANGAL,1089.6600338201042,1078.0423560024497,98.93382546325704,201.7533226832201,85.21728139834512,84.69017256387725,628.9086170428866,2.5146508395206286,23.88742352577059,51.07088794882955,18.51525397108657,7.820538402201685,7.772164705992974,57.71603963835158,0.2307738892381714,2.192190480000136,4.686864376385949
Unknown_Village_167,WARANGAL,681.2484182365332,657.6460852556188,96.53542931637024,147.78164548614697,39.7492926216006,43.98467730435561,317.74589766315705,19.21810660324098,36.57807080517043,52.58839477194721,21.69276897092719,5.834772097452331,6.456481384311102,46.64170795224275,2.8210130238523865,5.369270566507256,7.719415321077226
Unknown_Village_168,WARANGAL,655.0633498199418,22.81042157299265,3.482170324330095,10.346737028473484,0.4370120666324391,1.5318995196204044,7.343320550468306,0.3448546807621975,0.1299125089518228,2.6766852180839984,1.57950174304783,0.0667129471909184,0.2338551714183795,1.1210092203275874,0.0526444779511765,0.0198320527300958,0.4086147116641074
Unknown_Village_169,WARANGAL,840.7816489158923,0.0,0.0,0.0,0.0,0.0,0.0,0.0,0.0,0.0,0.0,0.0,0.0,0.0,0.0,0.0,0.0
Unknown_Village_170,WARANGAL,448.854770425344,0.0,0.0,0.0,0.0,0.0,0.0,0.0,0.0,0.0,0.0,0.0,0.0,0.0,0.0,0.0,0.0
Unknown_Village_171,WARANGAL,1696.395047643747,0.0,0.0,0.0,0.0,0.0,0.0,0.0,0.0,0.0,0.0,0.0,0.0,0.0,0.0,0.0,0.0
Unknown_Village_172,WARANGAL,291.8275003727828,3.219557292731778,1.1032398552634997,0.0,0.0,0.0,0.0,3.219557292731778,0.0,0.0,0.0,0.0,0.0,0.0,1.1032398552634997,0.0,0.0
Unknown_Village_173,WARANGAL,547.8438163401815,0.0,0.0,0.0,0.0,0.0,0.0,0.0,0.0,0.0,0.0,0.0,0.0,0.0,0.0,0.0,0.0
Unknown_Village_174,WARANGAL,485.812846225234,2.223855358853808,0.4577596858817475,0.4359452761960499,0.3036595566364362,0.3148587878058938,0.5025144964090984,0.0,0.4247066685665354,0.2421705732397939,0.0897352302606538,0.0625054604866608,0.0648107167713548,0.1034378774282393,0.0,0.0874218687024245,0.049848532232414
Unknown_Village_175,WARANGAL,535.0829054231313,0.0231052718697342,0.0043180732622102,0.0,0.0,0.0,0.0231052718697342,0.0,0.0,0.0,0.0,0.0,0.0,0.0043180732622102,0.0,0.0,0.0
Unknown_Village_176,WARANGAL,656.7236203036248,0.0,0.0,0.0,0.0,0.0,0.0,0.0,0.0,0.0,0.0,0.0,0.0,0.0,0.0,0.0,0.0
Unknown_Village_177,WARANGAL,441.5536339522144,0.0,0.0,0.0,0.0,0.0,0.0,0.0,0.0,0.0,0.0,0.0,0.0,0.0,0.0,0.0,0.0
Unknown_Village_178,WARANGAL,1448.347839937956,0.0,0.0,0.0,0.0,0.0,0.0,0.0,0.0,0.0,0.0,0.0,0.0,0.0,0.0,0.0,0.0
Unknown_Village_179,WARANGAL,599.1222521842309,0.0,0.0,0.0,0.0,0.0,0.0,0.0,0.0,0.0,0.0,0.0,0.0,0.0,0.0,0.0,0.0
Unknown_Village_180,WARANGAL,291.7700607816577,0.0,0.0,0.0,0.0,0.0,0.0,0.0,0.0,0.0,0.0,0.0,0.0,0.0,0.0,0.0,0.0
Unknown_Village_181,WARANGAL,3738.7075367229872,46.33551423230927,1.2393457839957922,7.558525056807539,14.13491658229455,4.647322088183219,17.531740525500656,0.0,0.7179432750926307,1.745066704430677,0.2021694658532359,0.3780695987438466,0.1243029052830551,0.4689251660713583,0.0,0.0192029803893651,0.0466756676549309
Unknown_Village_182,WARANGAL,2622.2945749899623,0.0,0.0,0.0,0.0,0.0,0.0,0.0,0.0,0.0,0.0,0.0,0.0,0.0,0.0,0.0,0.0
Unknown_Village_183,WARANGAL,1089.5764677771515,2.655473069589652,0.2437160812592704,0.113434366607666,0.7639395161587581,0.7970428342452697,0.5303597942965638,0.0326956606038411,0.0,0.4180008976775525,0.0104108678887938,0.0701134375375482,0.0731516197180101,0.0486757754027629,0.0030007678736439,0.0,0.0383636128385112
Unknown_Village_184,WARANGAL,529.2879237281494,2.7074320073505467,0.5115234801278267,0.6031524877181705,1.14095763678158,0.7326564054870601,0.0377769533224666,0.0,0.0589824166810278,0.1339061073602414,0.1139554599072921,0.2155646455609657,0.1384230345416616,0.0071373163129014,0.0,0.0111437299127425,0.025299293892263
Unknown_Village_185,WARANGAL,5849.020324153086,14.740335521213304,0.2520137510951057,3.4141054664402284,6.349235028381351,2.868485985801549,0.463414545644124,0.222419654747458,0.108059472057866,1.314615368140727,0.05837055228449,0.1085521108921893,0.049042161367714,0.0079229429880844,0.0038026822001112,0.0018474798525086,0.0224758215100077
Unknown_Village_186,WARANGAL,291.07241979826745,263.4749781311638,90.51870263550543,21.03150879548013,6.503324839028776,11.948619268002956,48.235884057428784,0.8985651657104486,124.36679017996693,50.49028582554583,7.225524427926344,2.234263501686629,4.105033131027716,16.571781033345403,0.3087084534952553,42.727095293384856,17.346296794639272
Unknown_Village_187,WARANGAL,214.30791202863367,211.0596556684696,98.48430404205978,5.119759514091333,2.3475120986459754,3.299471287392999,13.062662025891496,0.0,163.81272112354657,23.417529618901213,2.388973634070628,1.0953921749432771,1.5395937817508842,6.095277538864825,0.0,76.43801835074552,10.927048561684646
Unknown_Village_188,WARANGAL,134.23559749948433,132.40212203587618,98.63413617716776,2.740529455527504,0.5110223713893516,1.455089499502744,1.9836880895517384,0.0,118.6267604620129,7.085032157891955,2.041581746256265,0.3806906520390872,1.083981839845674,1.4777660520037237,0.0,88.37205828541018,5.278057601612844
Unknown_Village_189,WARANGAL,127.59223622676,127.16921292501408,99.66845686363384,5.896387805561721,2.1240500551440755,2.3298680295847043,4.020232749828256,0.0,95.55962021265078,17.239054072244535,4.621274757723126,1.664717319766355,1.826026487570926,3.1508443371769115,0.0,74.8945414224263,13.511052538970215
Unknown_Village_190,WARANGAL,111.69970136093856,110.66850770153812,99.07681609992107,5.201783906522262,0.8502095516788254,1.933778995723357,11.168330458191544,0.0,75.96372114501604,15.550683644406112,4.656936270325006,0.7611565127927407,1.731230229053773,9.998532065992716,0.0,68.00709421733565,13.921866804421192
Unknown_Village_191,WARANGAL,1149.582081957037,1130.6755031585717,98.3553519931105,122.81678960885398,52.75832245870568,106.38461934957438,215.3760090261239,9.89608621987436,468.160954124912,155.28272237052752,10.683603331723116,4.589348014966486,9.254199506003632,18.7351570980882,0.8608420725406021,40.72444773390339,13.507754235885075
Unknown_Village_192,WARANGAL,734.4515772603916,716.8786687181922,97.6073428002226,104.81874887986416,34.69035697647689,62.33788550117322,123.22343634337376,52.24869069789204,236.32586701595025,103.23368330346196,14.271703149015345,4.723300766250219,8.487678075891996,16.77761205211304,7.1139735165097004,32.1771883038878,14.055886936554517
Unknown_Village_193,WARANGAL,405.69852297764805,397.7599528134015,98.0432341468781,70.20316436267291,16.276993692432427,17.787804086934973,133.35191580108616,9.53372830914363,98.53736250125849,52.06898405987293,17.304269152229757,4.012090942053838,4.384488254080972,32.86970699876893,2.349953911384807,24.288321726694427,12.834403161665362
Unknown_Village_194,WARANGAL,194.75058181367916,193.23835488230648,99.22350582098932,24.81279133190385,8.638268536774907,8.877963681724435,31.5210694252614,0.1365879905969956,90.32937834035164,28.922295575693266,12.740804726140755,4.435554675281674,4.558632687535752,16.185353148478956,0.0701348305740475,46.38208394507963,14.850941807898508
Unknown_Village_195,WARANGAL,1247.8286842335726,0.0,0.0,0.0,0.0,0.0,0.0,0.0,0.0,0.0,0.0,0.0,0.0,0.0,0.0,0.0,0.0
Unknown_Village_196,WARANGAL,523.0328077488036,0.0,0.0,0.0,0.0,0.0,0.0,0.0,0.0,0.0,0.0,0.0,0.0,0.0,0.0,0.0,0.0
Unknown_Village_197,WARANGAL,1134.1491698002876,0.0,0.0,0.0,0.0,0.0,0.0,0.0,0.0,0.0,0.0,0.0,0.0,0.0,0.0,0.0,0.0
Unknown_Village_198,WARANGAL,804.913841809574,0.0,0.0,0.0,0.0,0.0,0.0,0.0,0.0,0.0,0.0,0.0,0.0,0.0,0.0,0.0,0.0
Unknown_Village_199,WARANGAL,949.2368642467824,0.0,0.0,0.0,0.0,0.0,0.0,0.0,0.0,0.0,0.0,0.0,0.0,0.0,0.0,0.0,0.0
Unknown_Village_200,WARANGAL,603.0039975178706,0.0,0.0,0.0,0.0,0.0,0.0,0.0,0.0,0.0,0.0,0.0,0.0,0.0,0.0,0.0,0.0
Unknown_Village_201,WARANGAL,944.298633498011,884.4288186571986,93.65986429324442,280.40988133158504,43.55915689328953,95.5548049778989,333.78305828819214,1.316769968955843,44.63892740656525,85.16621979071176,29.69504258338797,4.612858194227313,10.119129858732364,35.347192768006394,0.1394442311197749,4.727204490512404,9.018992167258192
Unknown_Village_202,WARANGAL,3035.63512203732,544.1278138873464,17.924677769644575,78.52273951304998,16.306881228709518,30.83280771150477,147.45350874569817,7.784472927856425,193.13652222801247,70.09088153251506,2.5866988737549805,0.5371818605710889,1.015695446652093,4.857418721876463,0.2564363836531182,6.362310174432026,2.308936308704804
Unknown_Village_203,WARANGAL,1405.0527670270496,0.0,0.0,0.0,0.0,0.0,0.0,0.0,0.0,0.0,0.0,0.0,0.0,0.0,0.0,0.0,0.0
Unknown_Village_204,WARANGAL,654.8895287262113,635.6691313089168,97.06509318378032,63.21870257308695,36.53586229965814,54.0886426093758,109.5332311166021,5.357484913554483,203.1558686975376,163.77933909910172,9.653338433437783,5.578935178689143,8.259201015869131,16.725451593286124,0.8180746032044557,31.021395179838134,25.008697179455545
Unknown_Village_205,WARANGAL,1017.3014157312612,0.0,0.0,0.0,0.0,0.0,0.0,0.0,0.0,0.0,0.0,0.0,0.0,0.0,0.0,0.0,0.0
Unknown_Village_206,WARANGAL,697.7736822767166,0.0,0.0,0.0,0.0,0.0,0.0,0.0,0.0,0.0,0.0,0.0,0.0,0.0,0.0,0.0,0.0
Unknown_Village_207,WARANGAL,837.0804413724545,804.1581536841107,96.06701028226568,199.36081652878423,76.2843025971067,85.94877082124079,162.68503638537769,42.047652843730106,117.02901251662836,120.80256199124284,23.8162076994557,9.1131388128043,10.26768355503821,19.434815143768464,5.023131680724723,13.98061724208378,14.431416148390497
Unknown_Village_208,WARANGAL,238.6691290041783,211.8790006182518,88.77520167869825,25.67842859633192,9.946798950090562,30.66264939543464,102.61665094460784,2.221828576444737,18.05848969410313,22.69415446123898,10.7590071256691,4.167610193908415,12.84734625017123,42.9953598828491,0.9309241566829702,7.566328234175182,9.50862583524226
Unknown_Village_209,WARANGAL,372.9368077250383,357.1677663327656,95.77165861196006,100.48503041170451,35.39512504976755,23.580264411845345,62.6079092195608,9.70857810245882,75.35510462998838,50.0357545074402,26.94425123244764,9.490917580831534,6.322857900695815,16.78780638507552,2.6032769899228705,20.20586412203827,13.416684400948414
Unknown_Village_210,WARANGAL,296.3440770710832,0.0,0.0,0.0,0.0,0.0,0.0,0.0,0.0,0.0,0.0,0.0,0.0,0.0,0.0,0.0,0.0
Unknown_Village_211,WARANGAL,812.4486554581108,790.625071194881,97.3138506517776,137.5228226531739,82.78803446254186,96.4376845549516,385.6907510309137,18.868782055505683,28.543551772329387,40.77344466546492,16.92695553488604,10.189940485021868,11.8700035881743,47.47263084747631,2.3224584013701457,3.5132745411751216,5.0185872536738
Unknown_Village_212,WARANGAL,4041.620188622426,3963.399794724484,98.06462779164306,522.2111967075906,344.1214848011269,633.0938972087952,1797.5878125958056,74.80797250815016,190.25992643479063,401.3175044682252,12.920837989122989,8.514443929438595,15.664359035790133,44.47691095903071,1.8509401927163327,4.707516232484976,9.92961945305932
Unknown_Village_213,WARANGAL,1670.1280036206324,1624.803482734837,97.28616484559642,232.7231488291677,253.69872429042155,300.91984219546487,685.0449884108227,32.650977025044746,35.580362689870256,84.18543929404493,13.93444983406377,15.190376051442398,18.017771185388643,41.01751404238054,1.9549984764198576,2.1303973475527864,5.040657908348416
Unknown_Village_214,WARANGAL,555.7092795299736,435.2946201546966,78.33135709428402,68.7797798655588,46.84555954192862,67.54109558636195,205.34495262108467,1.2313991928100605,13.876130780041269,31.675702566911266,12.376935638673094,8.429868146443626,12.154034145963715,36.95186677371452,0.2215905399045332,2.49701260914302,5.700049240441513
Unknown_Village_215,WARANGAL,1373.128440394424,0.0,0.0,0.0,0.0,0.0,0.0,0.0,0.0,0.0,0.0,0.0,0.0,0.0,0.0,0.0,0.0
Unknown_Village_216,WARANGAL,3656.0274549812766,68.69767648627484,1.8790251805323672,15.169160348343182,7.896660388599477,17.251907656136304,20.157317525542023,0.2195664535971248,2.2854030244415884,5.717661089615149,0.4149082723018245,0.2159901829468049,0.4718757686742988,0.5513448072737532,0.0060056018807509,0.0625105542171945,0.1563899932377403
Unknown_Village_217,WARANGAL,750.0513450853044,0.0,0.0,0.0,0.0,0.0,0.0,0.0,0.0,0.0,0.0,0.0,0.0,0.0,0.0,0.0,0.0
Unknown_Village_218,WARANGAL,976.7506729806804,94.7063173921744,9.696058575845758,8.864107611529773,9.554827255201172,22.047757458053304,49.34583976396167,0.101628036328484,0.6810948692680806,4.11106239783193,0.907509752154028,0.978225817448724,2.257255415117528,5.052040518526237,0.0104047060462577,0.0697306782691668,0.4208916882838169
Unknown_Village_219,WARANGAL,1888.3105586929832,1853.013926908644,98.13078248056982,293.38644489797844,165.2673171036598,242.1468503430884,980.4321336701228,28.790875074708232,51.370025165705016,91.6202806533814,15.536980585494868,8.752125880080422,12.823465357874882,51.92112754740622,1.5246896196267727,2.7204224924347926,4.851970997651862
Unknown_Village_220,WARANGAL,510.759107748876,506.0436084342024,99.07676647501074,35.310072450403005,29.26239116487085,114.84675851543744,278.48280372506986,2.207734037780764,14.14580695185935,31.78804158878109,6.913253609128757,5.729196155471835,22.48550378702281,54.5233162757405,0.4322456524585826,2.7695652876765524,6.223685707511703
Unknown_Village_221,WARANGAL,1443.518821877581,87.79877671513854,6.082274466012081,6.2733368375381895,6.2885340439680695,16.860052370201615,48.968466677580885,0.0,2.7790904802808503,6.629296305568928,0.4345864246770594,0.4356392136119562,1.167982856522216,3.392298453988132,0.0,0.1925219427804962,0.4592455744322211
Unknown_Village_222,WARANGAL,1121.9887352681992,0.0,0.0,0.0,0.0,0.0,0.0,0.0,0.0,0.0,0.0,0.0,0.0,0.0,0.0,0.0,0.0
Unknown_Village_223,WARANGAL,1338.612527392631,0.0,0.0,0.0,0.0,0.0,0.0,0.0,0.0,0.0,0.0,0.0,0.0,0.0,0.0,0.0,0.0
Unknown_Village_224,WARANGAL,728.2091758857435,0.0,0.0,0.0,0.0,0.0,0.0,0.0,0.0,0.0,0.0,0.0,0.0,0.0,0.0,0.0,0.0
Unknown_Village_225,WARANGAL,1917.0016613691728,0.0,0.0,0.0,0.0,0.0,0.0,0.0,0.0,0.0,0.0,0.0,0.0,0.0,0.0,0.0,0.0
Unknown_Village_226,WARANGAL,479.1878673548328,0.0,0.0,0.0,0.0,0.0,0.0,0.0,0.0,0.0,0.0,0.0,0.0,0.0,0.0,0.0,0.0
Unknown_Village_227,WARANGAL,499.6612536742368,0.0,0.0,0.0,0.0,0.0,0.0,0.0,0.0,0.0,0.0,0.0,0.0,0.0,0.0,0.0,0.0
Unknown_Village_228,WARANGAL,672.7592713145821,662.6460179259832,98.49675005313009,125.66729644373063,53.194897667768096,35.81707928663064,399.30224612704353,4.382646023179587,14.927752079120754,29.3541002985099,18.67938530199291,7.906973554422287,5.323907200363587,59.35291613994419,0.6514434226399926,2.2188846316382524,4.363239802128855
Unknown_Village_229,WARANGAL,2155.1033306161958,2104.8074499522145,97.66619632806191,308.26550179417023,83.49554943496042,126.14705805796903,1319.2694507382023,30.076919128636327,105.4351022442949,132.11786855398128,14.30397779145141,3.874317683462865,5.853411122607313,61.21606477036031,1.3956137834020526,4.892345566286536,6.13046561049143
Unknown_Village_230,WARANGAL,1070.9344080874698,1041.4908878715871,97.25067006965772,217.65612191406143,97.02075428202114,111.54735481456969,393.6292063037089,23.587353154156222,100.40288067225951,97.64721673081029,20.323945170719,9.059448790639369,10.415890457173443,36.755678343239744,2.202502130478724,9.375259578368034,9.117945599039416
Unknown_Village_231,WARANGAL,1250.6924833882465,1222.0564524262836,97.71038593880526,256.71814202009085,104.71600249033231,57.32891581114895,741.6345362490675,9.121097791290312,20.423918659162315,32.11383940519147,20.52608018596359,8.372641866899732,4.583773915058591,59.29791264435428,0.7292838097643618,1.6330088275442376,2.567684689220485
Unknown_Village_232,WARANGAL,722.093168186184,696.7302113381976,96.48757833955204,151.16386047390225,75.51919624696885,40.20389148496151,379.23832810984777,19.001969737243737,10.711535425920658,20.89142985935283,20.93412140342065,10.4583729045193,5.567687558372712,52.51930703934665,2.631512189067586,1.4834007435393437,2.8931765012858004
Unknown_Village_233,WARANGAL,968.3912812978864,850.2551350695752,87.80078378339185,157.46915459552167,89.00658078499934,43.0599544629055,507.4182750816478,12.220369689178543,15.585812317995533,25.494988137326654,16.26090172811899,9.191179485394402,4.446545037579685,52.398063146704544,1.2619247947792542,1.6094540108938866,2.6327155799210624
Unknown_Village_234,WARANGAL,446.86412762252735,436.0477969359204,97.57950347365012,85.19117716614119,32.582033083585905,28.423694629250377,259.58370440617404,5.106175349426271,8.621912508167949,16.539099793174636,19.06422375396027,7.291261721305234,6.360701804477867,58.090074445503085,1.142668438523562,1.929425965346452,3.7011473445336502
Unknown_Village_235,WARANGAL,18258.60814143507,86.74901822317037,0.4751129853447425,12.40507268126837,11.040391455470042,13.37022386208623,41.77433291881752,0.0,2.9132757822852025,5.245721523243009,0.0679409546728646,0.0604667747396122,0.0732269609956992,0.2287925377182347,0.0,0.0159556290365527,0.0287301281817788
Unknown_Village_236,WARANGAL,1400.2793694865588,8.30631166756425,0.593189605486363,1.759246633635882,1.2264936962202486,0.768759469861797,4.171675619165758,0.0,0.1336306080088896,0.2465056406716739,0.1256354033324754,0.0875892141915914,0.0549004353426758,0.2979173806363646,0.0,0.009543139099299,0.0176040328839565
Unknown_Village_237,WARANGAL,341.8596321113092,0.0,0.0,0.0,0.0,0.0,0.0,0.0,0.0,0.0,0.0,0.0,0.0,0.0,0.0,0.0,0.0
Unknown_Village_238,WARANGAL,639.796972144484,0.0,0.0,0.0,0.0,0.0,0.0,0.0,0.0,0.0,0.0,0.0,0.0,0.0,0.0,0.0,0.0
Unknown_Village_239,WARANGAL,818.4246670026345,0.0,0.0,0.0,0.0,0.0,0.0,0.0,0.0,0.0,0.0,0.0,0.0,0.0,0.0,0.0,0.0
Unknown_Village_240,WARANGAL,989.1377748860372,0.0,0.0,0.0,0.0,0.0,0.0,0.0,0.0,0.0,0.0,0.0,0.0,0.0,0.0,0.0,0.0
Unknown_Village_241,WARANGAL,75.15248714420692,0.0,0.0,0.0,0.0,0.0,0.0,0.0,0.0,0.0,0.0,0.0,0.0,0.0,0.0,0.0,0.0
Unknown_Village_242,WARANGAL,1071.9487726908512,1029.1939364571988,96.01148512663272,57.14596171478569,61.09201419605364,266.979993244014,466.2387626993842,10.980708116721416,46.385371636011335,120.37112485022844,5.331034763101177,5.699154264871994,24.906040292749204,43.49450035089008,1.0243687381774016,4.3272004052556365,11.229186311587236
Unknown_Village_243,WARANGAL,718.1253283863338,688.5015496422775,95.8748455773559,93.1265827529698,26.285077125106454,48.008605247599085,433.44512754624674,15.121883954356935,21.7699415352795,50.74433148071897,12.968012556001923,3.6602353497502222,6.685268343824748,60.35786657465784,2.1057444093131523,3.031496129540192,7.066222214267837
Unknown_Village_244,WARANGAL,1900.7677629649197,1863.097649122396,98.01816326136742,176.5441565519067,98.3440432411438,350.3280414498376,835.1869353586895,79.0717232512704,106.99037915929436,216.6323701102532,9.288044546616453,5.173911571803043,18.430870318601,43.93945181687637,4.159988652581633,5.628798070123256,11.397098284765647
Unknown_Village_245,WARANGAL,1171.1055175431902,1129.6196056241165,96.457542783497,84.76717500085616,41.22917348239365,91.36575112879711,727.4668649227239,27.627166252923093,45.576392925334105,111.58708191108856,7.238218395442744,3.520534474885447,7.801666866062526,62.11796068118986,2.3590672094928635,3.891740944141974,9.52835421228158
Unknown_Village_246,WARANGAL,257.8509656019877,251.0188638025164,97.3503679602204,54.65409123313783,29.66139578852322,28.346661167428877,102.40594320363884,6.348871291351317,10.433856949166689,19.16804416926962,21.196000218785496,11.503309952427252,10.993428355503648,39.7151676219472,2.462225137117104,4.046468053671022,7.433768620768687
Unknown_Village_247,WARANGAL,833.337657648117,801.6285374514739,96.19492532161163,111.14236132666738,38.84287968862815,81.04352433627284,409.4672143671247,19.01544735209751,45.00887249501841,97.10823788566488,13.337014151063132,4.661121375248092,9.725172454704316,49.13581074959957,2.28184184136881,5.401036672462933,11.652928077164798
Unknown_Village_248,WARANGAL,896.2096838390615,886.3045068239327,98.89477014210576,117.60184862094836,65.46790306406653,79.3197560072777,493.5731997969056,10.42919721897202,51.32784417404472,68.58475794171781,13.122135449059364,7.304976083679883,8.850580108384735,55.07340622370912,1.163700572202795,5.727213742455165,7.652757962614701
Unknown_Village_249,WARANGAL,405.8154876464119,397.671189830811,97.99310325418207,72.45481363296442,22.381668793077647,27.62405637552891,213.05934336859815,3.072377819507073,22.543680610910915,36.53524923022383,17.85412726684657,5.515232778049825,6.807048330200208,52.50153083221834,0.7570873741970251,5.555155310029292,9.00292136264082
Unknown_Village_250,WARANGAL,936.4965507567932,893.5241462592488,95.4113654275803,117.77750682539642,41.87539388229021,79.07942560230286,488.6978414946644,42.54126325039127,39.20698096356822,84.34573424063555,12.576395153854984,4.471494726643707,8.44417692071561,52.18362428561454,4.542596896487575,4.186559035576226,9.006518408687661
Unknown_Village_251,WARANGAL,848.9621595552321,839.1200691327116,98.84069150647696,132.70127893530497,63.94991645164011,57.51046338547346,532.6000871040377,1.088417175292968,19.76066904231048,31.50923703865188,15.631000444687269,7.532716945257395,6.774208100818411,62.735433035444686,0.128205617063449,2.327626599124632,3.711500764081104
Unknown_Village_252,WARANGAL,1230.4119155766657,1208.1996934028296,98.19473284575388,123.60648539473183,81.05963726324802,77.17305078322048,848.7004593897058,5.541828680602452,20.818206855812956,51.300025035507765,10.04594346250299,6.588008148901683,6.272131292474622,68.976937612957,0.4504043410539572,1.6919705175364743,4.169337470327132
Unknown_Village_253,WARANGAL,1052.4278041398584,1034.952273203324,98.3395031119672,199.9100405331216,74.19370476482653,57.594984598625146,586.3968788302944,29.100224189468225,26.837752078286083,60.91868820870197,18.99513104335994,7.049766689266111,5.472582952680266,55.718489812187386,2.7650565744271294,2.55008010741605,5.788395932630303
Unknown_Village_254,WARANGAL,625.6754648285128,604.7452860887705,96.65478671990456,91.35877649589266,27.35436421878884,28.98769310145969,387.4743668326048,10.720272080954846,17.65462464204675,41.195188717023015,14.60162362622491,4.371973292301979,4.633023784847428,61.928969348159605,1.7133917955202371,2.8216904185120297,6.58411445433839
Unknown_Village_255,WARANGAL,1751.9874384578704,1722.4067955055953,98.31159503185066,313.4642432605985,101.88480470772777,65.05523293936012,1100.904904949366,28.925517475128466,42.45114790267367,69.72094427074049,17.891922988701054,5.8153844297769925,3.713224850323291,62.837488487839934,1.6510116933594683,2.423028097737955,3.979534484111945
Unknown_Village_256,WARANGAL,832.245230807929,813.9849290831067,97.80589890468995,153.04300726174807,61.526056292419824,62.913050865338384,440.2006268120472,20.812326723480037,25.758758590976434,49.73110253709685,18.38917203684984,7.392779677774952,7.559436634351573,52.893139007202016,2.500744486486969,3.095092364298716,5.975534697725906
Unknown_Village_257,WARANGAL,1987.287991401929,1943.5717351604492,97.80020528324935,563.9444615605644,145.82966203969684,194.18750266326924,827.6723939772932,18.61711124267587,61.30548956528308,132.01511411166672,28.37759116949782,7.338124251272789,9.77148271933551,41.64833670601577,0.9368099300767404,3.084882001527882,6.64297850552284
Unknown_Village_258,WARANGAL,1397.2163911121315,1373.0038575189371,98.26708777915766,299.0414368054405,88.43669004728716,84.68248449727962,738.86699889976,7.340406955718974,58.29656424385214,96.3392760695988,21.40265736271637,6.3294913092806535,6.060799532266834,52.88135779108988,0.5253593503778099,4.172336125934672,6.895086307491454
Unknown_Village_259,WARANGAL,815.8604071882424,783.7093976501499,96.05925115928878,183.1954612093791,42.324322942418135,45.30654213222442,427.8212742874561,10.059855859796825,27.22996492740711,47.77197629146818,22.454265410517788,5.187691738625171,5.553222307768013,52.43804828841823,1.233036408086871,3.3375764637545857,5.855410542118121
Unknown_Village_260,WARANGAL,830.8142557316946,805.0243823395483,96.89583162370832,152.0245164967097,87.7496057088449,120.1269549830628,272.47691564664524,16.56119698559017,66.1485498715444,89.9366426471511,18.298255650755817,10.561880119830658,14.458942435607042,32.796369798286136,1.9933693808617656,7.961893939011393,10.825120299355511
Unknown_Village_261,WARANGAL,1081.065114461161,1011.7591324045404,93.5891019764184,140.6024876978921,33.88660224048042,73.90324428031386,553.2142699576469,60.09531042246128,47.45692410842265,102.6002936973232,13.00592219812523,3.1345570019036857,6.8361510598877935,51.17307575255422,5.558898314132983,4.389830313974821,9.490667335839674
Unknown_Village_262,WARANGAL,470.42424958574094,454.9690867051242,96.71463303725804,77.87703087166558,28.826854729123276,75.99679895535651,188.3843331736373,28.30909699896685,20.63275076632018,34.942221210054505,16.55463784875985,6.127841996773851,16.1549492872189,40.04562548370538,6.017780125896157,4.385987921432522,7.427810373471368
Unknown_Village_263,WARANGAL,1563.4270407143365,1476.7363966543808,94.45508860967723,243.0583953932486,157.63435940065958,234.1844953554006,601.717096809229,47.25071892080555,74.38518191114726,118.5061488638901,15.546513464561428,10.082616923949056,14.978920618412786,38.48705959021292,3.022252889985612,4.757828793671137,7.579896328884279
Unknown_Village_264,WARANGAL,907.7067781350112,873.4677173204904,96.22796021366403,161.13109109500095,78.10326170932959,122.92557110882122,362.5686815112239,24.54153302917471,45.96868708281888,78.2288917841211,17.751447381065443,8.604459456588149,13.542431770905806,39.94337050739703,2.703685112894952,5.064266147407963,8.6182998374047
Unknown_Village_265,WARANGAL,477.3785726858696,469.6559726530922,98.38229018338048,79.98348454366084,42.87162993710351,30.169317641449,270.4868989924277,8.866407380095854,11.749901635012163,25.528332523343128,16.754728661919337,8.98063557731453,6.319788814924748,56.660879743845726,1.8573115525925024,2.461338297800806,5.347607534982847
Unknown_Village_266,WARANGAL,1293.7929542827435,1273.7197006672538,98.44849567706775,196.11893817136857,191.65610297159876,220.23198837785995,561.7652643041978,17.798046026548437,25.614708609520648,60.53465220615984,15.158448461337738,14.813506468494378,17.022197226290565,43.42002809990805,1.3756487054310298,1.979815126116605,4.678851589489386
Unknown_Village_267,WARANGAL,401.6801083285847,349.153959178036,86.92338802408884,20.516847400090832,13.295855835864533,34.3718984290478,225.72317466125492,14.43030312285478,13.961887156324178,26.853992572598965,5.107757883621044,3.310060807140637,8.557032752274282,56.194760452665385,3.592486365058043,3.4758721845650853,6.68541757876437
Unknown_Village_268,WARANGAL,307.2415458749363,302.3339736815766,98.40269902972128,38.24612520533573,15.356860074947525,39.05293177400143,168.322048273443,4.90727220916749,11.42140328430172,25.02733286037965,12.448227044432311,4.998301916238432,12.710823877281902,54.784924282980604,1.5972033323790824,3.717401971721246,8.145816604687672
Unknown_Village_269,WARANGAL,826.5140676865793,819.270686653607,99.12362277713596,55.2150288616556,39.7879233906703,171.8740943745431,451.5844769433914,10.67214573825603,25.171378279610444,64.96563906548006,6.680470547368055,4.813943881443794,20.795059768991024,54.63724025985192,1.2912237257046897,3.0454869752024147,7.860197618574055
Unknown_Village_270,WARANGAL,413.64969626961965,409.23989292982526,98.93392806049106,26.88707026468903,27.724569973267027,85.28668741098033,218.24487970928868,11.593707814025802,11.782239160991006,27.720738596583345,6.499961321659924,6.702427252647121,20.61809501617279,52.76079776619375,2.8027840751680246,2.848361613037729,6.701501015611718
Unknown_Village_271,WARANGAL,901.2366712686546,884.6295546298018,98.15729683796872,73.6164840991208,67.86885834425068,175.71553675048213,419.45051248964086,12.141417731664344,45.217501149465534,90.61924406517744,8.168385336061858,7.530636569494327,19.49715788896279,46.54166057171064,1.3471952616589702,5.017272664439372,10.05498854564078
Unknown_Village_272,WARANGAL,473.3157435122472,470.2051635644136,99.34281080009056,38.96929108403229,35.541972416492406,103.87152659055496,231.354868477726,5.636263413238555,17.82107325425995,37.01016832810944,8.233254781440404,7.509146463786018,21.945504246229923,48.87960555906157,1.190804128215675,3.765155395427666,7.819340225929289
Unknown_Village_273,WARANGAL,953.2691369452532,941.1740635313898,98.73120056602043,68.75609476702141,75.22995040472257,234.24832082569512,452.37537609185455,23.163431629638637,16.62426412577915,70.7766256866785,7.2126634653619455,7.891784962827668,24.57315691309832,47.455158103774295,2.429894216848953,1.7439213629690702,7.424621541140198
Unknown_Village_274,WARANGAL,6601.082508696442,5508.381036774131,83.44663211703902,1286.9673561503544,2240.6930320848437,1041.25309560625,657.4996831339323,91.540926815294,31.288344185153704,159.13859879830272,19.496307680670093,33.94432699686596,15.77397486297854,9.960482727912046,1.3867562887556026,0.4739880791360145,2.4107954807207648
Unknown_Village_275,WARANGAL,1213.5468478684395,1153.2808522666082,95.03389624325696,135.42937868153464,70.95695198413027,135.30666763504007,659.1240252305062,18.06142746658327,44.445685843224645,89.95671542558918,11.1597981503073,5.847071508509469,11.14968638192274,54.3138508734326,1.4883172823783155,3.662461479858996,7.412710566847551
Unknown_Village_276,WARANGAL,340.2211709632689,301.2122365653255,88.53424250833734,68.75640960257137,11.321651195741556,18.44995792883176,168.26356703105367,2.6505589906849547,11.471696457121602,20.298395359320555,20.20932718792931,3.3277327109558006,5.422930582654324,49.45711242914387,0.7790693868874831,3.371834981533267,5.966235229233286
Unknown_Village_277,WARANGAL,1147.0887392085572,1101.4769635192768,96.02369248949732,167.319025943852,69.34808705917933,129.1458007842815,588.6048672663887,12.136980433953951,58.13258743711012,76.78961459451129,14.586406458779736,6.045572996124658,11.25857105644561,51.3129322211376,1.058068135367448,5.067836990294156,6.694304631348127
Unknown_Village_278,WARANGAL,410.8414259468907,395.7806517767665,96.33416368969786,79.17594311707772,10.646251330506624,16.541009754001422,242.6576085648809,7.94437106940473,16.723685690756323,22.091782250138788,19.27165522186479,2.591328590092777,4.0261299638609644,59.06356887103424,1.933683063019963,4.070593819065896,5.377204160759238
Unknown_Village_279,WARANGAL,699.0925509674216,691.6662036908717,98.93771614841653,127.7867784960805,30.791997049530657,37.25282450763502,425.3109354786045,7.73889800491334,27.07052339090383,35.71424676320382,18.27895009312372,4.404566606656004,5.328740015336115,60.83757220557544,1.106991913188613,3.872237424564597,5.108657889972015
Unknown_Village_280,WARANGAL,397.8842760539067,378.32043023450257,95.08303117342751,76.529177637022,19.704429891369337,26.585113888597537,214.14414600571095,6.983584338728928,11.51702515172917,22.856953321344616,19.23402914938352,4.95230173124502,6.68161962876756,53.82071091864359,1.755179774378108,2.894566547326641,5.744623423683091
Unknown_Village_281,WARANGAL,678.7736312780397,664.3750789254107,97.87874017358062,86.00866301449274,52.219965881230415,69.97910472383779,409.1489522606144,3.5848868347168072,13.377623493368096,30.05588271715039,12.671185068363656,7.693281452744005,10.309638073605852,60.27767335190109,0.5281417352596544,1.970851971397272,4.427968520309075
Unknown_Village_282,WARANGAL,910.4406353690748,893.9701221345158,98.1909294692364,239.34522311565055,49.52151112350498,71.14478570696429,401.66907399566367,8.070486136184332,55.072894293928535,69.14614776261936,26.288943377249936,5.439290514908744,7.814324508716989,44.118096050582686,0.8864373823684524,6.04903737316196,7.594800262247618
Unknown_Village_283,WARANGAL,1295.617639759124,1269.7198004541056,98.00112019856157,252.98653617377343,63.40763379635728,93.81378330131184,677.5683418648308,6.110679233551008,65.51426252695435,110.31856355732693,19.526326935530737,4.894008220522975,7.2408541241190045,52.29693708020227,0.4716421763667157,5.056604704697792,8.514746957122078
Unknown_Village_284,WARANGAL,999.4889675859544,978.3755700537096,97.88758073205751,145.45696639132862,62.83223228653544,102.03482511930784,289.06010097537336,6.356754163378537,210.91877501377675,161.7159161040088,14.553133762211292,6.286435801116731,10.208699488274544,28.92078955844149,0.6360004331745529,21.10266164550116,16.179860043337747
Unknown_Village_285,WARANGAL,477.049485786388,470.9454255289599,98.72045554197256,76.57755886535642,32.88919608677576,61.55036321094884,231.6535478314216,3.311218609619135,19.46326221025957,45.50027871457862,16.05233023972824,6.894294421586024,12.90230155252902,48.559647318255536,0.6941038001876861,4.079925204861195,9.537853004824877
Unknown_Village_286,WARANGAL,938.4345733945594,924.8758773543644,98.55517939933203,171.05519302215495,67.24418150819656,100.24636279256184,476.2131054001121,4.352155282592768,41.28256644363672,64.4823129051094,18.227716440945297,7.165569493561715,10.682296415182677,50.745477511290616,0.4637675769819415,4.399088398278747,6.871263563091061
Unknown_Village_287,WARANGAL,511.278474781321,508.6999217023095,99.49566562916335,80.8917913051046,60.28082051438847,101.34589372494268,193.4867886728509,1.1354237159728993,32.383224310554304,39.17597945849568,15.821474068452195,11.79021286592814,19.822053679902982,37.84371887660775,0.2220753996065513,6.333774236125418,7.662356502540351
Unknown_Village_288,WARANGAL,865.3611687127936,842.3893894681495,97.3454113640419,185.34294078536877,59.329561183094576,126.19890210125408,305.721732310774,16.490256357963407,51.03404957325667,98.27194715643805,21.41798678822883,6.856046160627479,14.583379363898691,35.32880181872831,1.9055923646877189,5.897427735192778,11.35617713267808
Unknown_Village_289,WARANGAL,1458.126407327811,1436.2938386183664,98.5026971187323,251.2636677217213,103.93168892359444,199.46299957533344,529.684776747087,20.807222502527956,152.3900479866961,178.753435161406,17.231953722187342,7.127755755693468,13.679403827605933,36.32639626339372,1.4269834493059932,10.451086217275831,12.259117883269996
Unknown_Village_290,WARANGAL,546.8409731860175,0.0,0.0,0.0,0.0,0.0,0.0,0.0,0.0,0.0,0.0,0.0,0.0,0.0,0.0,0.0,0.0
Unknown_Village_291,WARANGAL,1209.763951441361,52.84902672533512,4.368540380325325,4.052693510816987,2.283590173049621,7.203314211099689,29.927504316848957,4.198349869737792,1.49548354380589,3.688091099976196,0.3349987000347006,0.1887632847985643,0.5954313816771752,2.4738300625665137,0.3470387644412541,0.1236177968457492,0.3048603899613686
Unknown_Village_292,WARANGAL,1739.6151632581775,0.0,0.0,0.0,0.0,0.0,0.0,0.0,0.0,0.0,0.0,0.0,0.0,0.0,0.0,0.0,0.0
Unknown_Village_293,WARANGAL,900.1836600966456,111.02154055040243,12.3332099294585,29.388882976035337,5.003652210169764,5.611600889500619,63.11022399264166,0.0094581954956054,3.0078131540096504,4.8899091325498105,3.264765211676925,0.555847926592287,0.62338399798305,7.010816435600044,0.0010506961984391,0.3341332760568799,0.5432123853508761
Unknown_Village_294,WARANGAL,672.075669551995,0.0,0.0,0.0,0.0,0.0,0.0,0.0,0.0,0.0,0.0,0.0,0.0,0.0,0.0,0.0,0.0
Unknown_Village_295,WARANGAL,1748.6454830300052,7.414392209520527e-05,4.2400774093288885e-06,0.0,7.414392209520527e-05,0.0,0.0,0.0,0.0,0.0,0.0,4.2400774093288885e-06,0.0,0.0,0.0,0.0,0.0
Unknown_Village_296,WARANGAL,7476.014973904462,0.0,0.0,0.0,0.0,0.0,0.0,0.0,0.0,0.0,0.0,0.0,0.0,0.0,0.0,0.0,0.0
Unknown_Village_297,WARANGAL,4064.040925841992,0.0,0.0,0.0,0.0,0.0,0.0,0.0,0.0,0.0,0.0,0.0,0.0,0.0,0.0,0.0,0.0
Unknown_Village_298,WARANGAL,1153.881370615089,0.0,0.0,0.0,0.0,0.0,0.0,0.0,0.0,0.0,0.0,0.0,0.0,0.0,0.0,0.0,0.0
Unknown_Village_299,WARANGAL,727.5174089459106,0.0,0.0,0.0,0.0,0.0,0.0,0.0,0.0,0.0,0.0,0.0,0.0,0.0,0.0,0.0,0.0
Unknown_Village_300,WARANGAL,1075.8792732778527,0.0,0.0,0.0,0.0,0.0,0.0,0.0,0.0,0.0,0.0,0.0,0.0,0.0,0.0,0.0,0.0
Unknown_Village_301,WARANGAL,1064.0826807628246,0.0,0.0,0.0,0.0,0.0,0.0,0.0,0.0,0.0,0.0,0.0,0.0,0.0,0.0,0.0,0.0
Unknown_Village_302,WARANGAL,1345.4122650713057,0.0,0.0,0.0,0.0,0.0,0.0,0.0,0.0,0.0,0.0,0.0,0.0,0.0,0.0,0.0,0.0
Unknown_Village_303,WARANGAL,1266.470754511466,0.0,0.0,0.0,0.0,0.0,0.0,0.0,0.0,0.0,0.0,0.0,0.0,0.0,0.0,0.0,0.0
Unknown_Village_304,WARANGAL,591.0654608933274,0.0,0.0,0.0,0.0,0.0,0.0,0.0,0.0,0.0,0.0,0.0,0.0,0.0,0.0,0.0,0.0
Unknown_Village_305,WARANGAL,137.86722236140588,0.0,0.0,0.0,0.0,0.0,0.0,0.0,0.0,0.0,0.0,0.0,0.0,0.0,0.0,0.0,0.0
Unknown_Village_306,WARANGAL,592.6721613845781,0.0,0.0,0.0,0.0,0.0,0.0,0.0,0.0,0.0,0.0,0.0,0.0,0.0,0.0,0.0,0.0
Unknown_Village_307,WARANGAL,1339.3983162802415,232.7077499492867,17.374051252771427,40.24140059643344,20.75298569636342,34.66697881598684,100.29445034376472,8.025009479409043,8.058345692880692,20.66857932444856,3.0044386428819245,1.5494259955468903,2.588250141471246,7.488022728168053,0.5991503335390168,0.601639228221536,1.5431241829427598
Unknown_Village_308,WARANGAL,2839.705534393489,216.9448432447524,7.639695053490396,31.749461153232403,22.92994750973879,39.91112744684283,93.06051896721662,1.4961633064270023,9.36925886157768,18.42836599971701,1.118054698583863,0.8074762411813315,1.4054671149333495,3.2771186251567705,0.0526872694476949,0.3299376906549147,0.6489534135324697
Unknown_Village_309,WARANGAL,2103.489674269405,2009.733088613984,95.54280742129218,357.9979729162725,142.39617863473927,135.69063471901453,1105.7414338084388,93.32771191369,62.07996987232592,112.49918674950294,17.019240802340242,6.769521161742666,6.450739282385272,52.56700079559413,4.436803900456751,2.9512847451408497,5.348216733632254
Unknown_Village_310,WARANGAL,967.3799579055848,0.0,0.0,0.0,0.0,0.0,0.0,0.0,0.0,0.0,0.0,0.0,0.0,0.0,0.0,0.0,0.0
Unknown_Village_311,WARANGAL,785.6546508809753,0.0,0.0,0.0,0.0,0.0,0.0,0.0,0.0,0.0,0.0,0.0,0.0,0.0,0.0,0.0,0.0
Unknown_Village_312,WARANGAL,1545.3209199074815,65.58168819616267,4.243887942712188,9.994635651343849,9.37700433194927,12.897397284369385,30.511861097459843,0.0284179641723632,0.4978146453857421,2.274557221482219,0.6467676404679896,0.6067998052152604,0.8346096346862083,1.9744676140983448,0.0018389684502598,0.0322143212437418,0.1471899585503829
Unknown_Village_313,WARANGAL,2087.026670086232,12.462735591646071,0.5971526751563332,2.4014914830077,1.2059818579011825,2.2977407098657947,6.3595950657444185,0.0,0.0094762954711914,0.1884501796557857,0.1150675991557153,0.0577846883888337,0.1100963750391774,0.3047203544112665,0.0,0.00045405722921594793,0.0090296009321241
Unknown_Village_314,WARANGAL,971.8550062258053,125.417666306131,12.904977131639214,5.813403626185388,9.656812746785471,59.78683250434088,42.69829399979537,0.0,1.5867726064494991,5.87555082257439,0.5981760230635346,0.9936474767247084,6.151826365182065,4.393483979221758,0.0,0.1632725659984737,0.6045707214486724
Unknown_Village_315,WARANGAL,525.7168144900854,2.5099033021904424,0.4774249620729559,0.0,0.0457500376533059,1.046974770226571,0.746831949032053,0.0,0.0568624145507812,0.6134841307277313,0.0,0.0087024109543996,0.1991518515994348,0.1420597417559178,0.0,0.0108161681314938,0.1166947896317098
Unknown_Village_316,WARANGAL,884.9766820964884,0.0,0.0,0.0,0.0,0.0,0.0,0.0,0.0,0.0,0.0,0.0,0.0,0.0,0.0,0.0,0.0
Unknown_Village_317,WARANGAL,1876.1270235140255,0.0,0.0,0.0,0.0,0.0,0.0,0.0,0.0,0.0,0.0,0.0,0.0,0.0,0.0,0.0,0.0
Unknown_Village_318,WARANGAL,2880.9734958288177,0.0,0.0,0.0,0.0,0.0,0.0,0.0,0.0,0.0,0.0,0.0,0.0,0.0,0.0,0.0,0.0
Unknown_Village_319,WARANGAL,1157.654364693465,0.0,0.0,0.0,0.0,0.0,0.0,0.0,0.0,0.0,0.0,0.0,0.0,0.0,0.0,0.0,0.0
Unknown_Village_320,WARANGAL,483.5097678173202,0.0,0.0,0.0,0.0,0.0,0.0,0.0,0.0,0.0,0.0,0.0,0.0,0.0,0.0,0.0,0.0
Unknown_Village_321,WARANGAL,1089.7889186071657,1039.8894212235766,95.42117775914215,108.97400989504602,43.377656329989264,51.6941776819657,634.7947609987053,42.91708989316732,57.70164827830594,100.43007814639702,9.999552026489976,3.9803723078253777,4.743503700517972,58.24933160542888,3.9381103221363887,5.294754543114009,9.215553253629558
Unknown_Village_322,WARANGAL,1061.4678075476309,26.63410346943574,2.5091767531763414,3.758443243482999,1.9107898969852188,3.673412165033669,16.03820435154037,0.0,0.2403221792692296,1.0129316331242575,0.3540798144567703,0.1800139282037978,0.3460691072224376,1.5109459031635015,0.0,0.02264055278553,0.0954274473443043
Unknown_Village_323,WARANGAL,75589.92514237457,431.14905384824107,0.570378993015493,55.43650173599763,72.50387778621185,81.60110109695832,171.4138343314462,1.3748287850383685,16.37875552556946,32.44015458701931,0.0733384794753828,0.095917382706293,0.1079523507177201,0.2267680964210324,0.0018187989767801,0.0216679081170141,0.0429159766012704
Unknown_Village_324,WARANGAL,1097.7803834945605,1072.2965270088753,97.67860157925554,183.73580478383732,100.46044155748136,57.87160258283287,637.3717146032766,11.271542799179894,26.494670759315905,55.09074992295121,16.737027509906106,9.151233076117284,5.271692175680021,58.06003861850159,1.0267575344441144,2.4134764254919103,5.018376239114514
Unknown_Village_325,WARANGAL,1623.9851252832807,1540.826903847961,94.8793729609553,196.1366045864432,115.42368428248578,140.0534917507712,820.8610538355842,42.89488977623196,66.1870984033653,159.27008121307904,12.077487751141197,7.1074348210148655,8.624062472637544,50.54609436107963,2.641335139615246,4.075597576167449,9.807360839299356
Unknown_Village_326,WARANGAL,1400.7621706813236,1280.312625271942,91.40114232590992,246.34678271967925,107.9590049930568,132.0042226263364,548.6395328513465,50.971882552029015,85.35729334954354,109.03390617995032,17.586624473150746,7.707161661893404,9.423742687320734,39.16721513006673,3.638867726363324,6.093632105157879,7.783898541957111
Unknown_Village_327,WARANGAL,709.7163632753361,701.4672606505542,98.83769023068422,114.1293680638306,81.83159592103186,70.374314613542,388.1837995630914,1.2982944161269256,12.492019213729552,33.157868859201855,16.08098304752681,11.530183064031329,9.915836558814146,54.69562485097933,0.1829314474496975,1.760142482283904,4.67198877959901
Unknown_Village_328,WARANGAL,606.5869957027506,488.5925750048395,80.54781564164415,46.96390089824305,26.19870098642373,74.77463985736956,270.24728370099973,9.507799574264768,17.418543169056072,43.48170681848257,7.742319111842128,4.319034396059166,12.327108953389402,44.55210639455096,1.5674255534030488,2.871565545000866,7.168255687398576
Unknown_Village_329,WARANGAL,1000.4267644309969,979.2276426065991,97.88099213474614,66.36239076770157,40.80107564856426,124.64061400113066,633.7937662293589,23.0499569709869,27.141913034652944,63.43792595420378,6.633408174105165,4.078367062857449,12.458744451126446,63.35234009756184,2.304012426546465,2.713033477277089,6.34108644527166
Unknown_Village_330,WARANGAL,536.6142109888873,533.6990255660849,99.45674464762492,31.584700534096573,24.732639540273635,61.15410588794134,337.6597226819231,2.9974137771606517,26.571282677142467,48.99916046754707,5.885923236339833,4.6090168754002345,11.39628892333002,62.924111170979714,0.55857890375973,4.951654677235659,9.131170860579724
Unknown_Village_331,WARANGAL,595.478136635683,585.1465097615352,98.26498636330813,38.10384708759375,20.55095118004302,51.19587829730148,371.85825673350666,12.260699859502392,23.06516014003089,68.1117164635571,6.398865842979876,3.4511680472689146,8.597440468015606,62.447004156092426,2.058967257601191,3.873384885353447,11.438155705996683
Unknown_Village_332,WARANGAL,771.0438021799172,766.9542804434334,99.46961226782165,50.718167140987866,47.433376047183735,139.0060825991044,414.23265488447953,7.3672217830164275,29.788018220906064,78.40875976775526,6.577858092834156,6.151839352456856,18.02829906758895,53.72362162997084,0.95548680401653,3.863336704956129,10.169170615998178
Unknown_Village_333,WARANGAL,595.1952992272156,582.9742362013103,97.94671378591651,50.48642786664182,38.93655077081144,95.44246778237788,318.2157086728918,13.39411645178993,17.880870284340006,48.61809437245737,8.482329738187103,6.541810868023577,16.035487495666988,53.46408298016699,2.2503733596653848,3.0042022017909096,8.168427142415556
Unknown_Village_334,WARANGAL,1108.5301838271268,1074.090166142544,96.89318178367674,291.9071109363896,46.89585809814758,48.28645567595543,578.620084061165,15.604741605377248,40.911930257182135,51.86398550832711,26.33280673771098,4.230453873275939,4.355899043655234,52.19705268317707,1.4076965907687704,3.6906464843326514,4.678626370756107
Unknown_Village_335,WARANGAL,1314.0649307150022,1299.092619668703,98.86061101728416,122.63186366488344,84.85062805020246,208.7980179301656,695.2607280587359,24.293236713989863,48.84978663500335,114.40835861572232,9.332252980692337,6.457110761188488,15.889474945241515,52.90916086470965,1.8487090056327395,3.7174560779446,8.706446381874832
Unknown_Village_336,WARANGAL,957.0171362328284,945.4639555418994,98.7927927041718,130.20131237465336,50.0771615871566,85.41896691900864,584.0143611009537,11.786111058044389,35.14622162423233,48.819820877850375,13.604909196001824,5.232629562337697,8.925542049878974,61.024441359519344,1.2315465012924285,3.672475684456476,5.101248350685042
Unknown_Village_337,WARANGAL,454.4327888888967,443.76801517599614,97.65316808697358,89.67849368194295,12.19627644111479,17.110761744022703,272.4022994324594,4.266633575439465,20.508841109011765,27.604709192005053,19.734160006633733,2.6838460470546357,3.7653008678927167,59.943363703682586,0.9388921045665576,4.513063672002314,6.07454168514105
Unknown_Village_338,WARANGAL,331.8580959831645,327.0381441695253,98.54758649194332,59.359740520638695,18.6572828659835,34.90220339536791,191.33945562786167,2.764640383222996,6.22759687369255,13.787224502757937,17.887085244908437,5.622066507285091,10.5172071490275,57.65701001236641,0.8330790831040171,1.8765842837863091,4.1545542114655465
Unknown_Village_339,WARANGAL,483.7168168152918,479.0419588989324,99.03355480854732,141.23081156222867,29.01215303220568,37.5390938278437,215.70227596033973,1.683565645198447,17.881069126832273,35.9929897442839,29.19700259587169,5.9977557164989,7.760551736653405,44.59267663681539,0.3480477805759894,3.696598610021076,7.440921732110856
Unknown_Village_340,WARANGAL,567.4312200488749,560.8764330828662,98.84483145544158,149.20825443639086,16.29983586673815,25.88236757188671,303.63275581032445,2.147268721008306,23.37292539528632,40.33302528123143,26.29539037762833,2.872565923555314,4.561322440040815,53.51005462550536,0.3784192066173859,4.119076386610015,7.108002495484368
Unknown_Village_341,WARANGAL,291.1809465195209,282.5776632930554,97.04538249178036,61.62494211764776,21.068921776610853,23.15294729046094,126.85563724705916,7.182042905853896,18.03969155808692,24.653480397335905,21.163796207907577,7.235680091176015,7.95139502333775,43.565912798677815,2.466522274791908,6.195354391733022,8.466721704156258
Unknown_Village_342,WARANGAL,488.8854604608035,479.7488236833632,98.13112937152428,99.24015725531808,27.937814757926745,35.457345665432804,271.33490354647967,2.745846206377814,16.95655133080876,26.076204921019432,20.299265427484457,5.714593093358452,7.252689747003759,55.500710389450006,0.5616542991050892,3.468409822379706,5.333806592742821
Unknown_Village_343,WARANGAL,467.4213701822491,452.0802142048389,96.71791728918414,90.17518056101557,45.558168552530326,60.95944182613065,190.7661831042295,7.751988406291321,16.295233809575166,40.57401794506641,19.292053447589687,9.74670211051049,13.041646299218703,40.812464999161065,1.658458277863675,3.486197861090861,8.680394293749655
Unknown_Village_344,WARANGAL,1243.5455579359989,0.0,0.0,0.0,0.0,0.0,0.0,0.0,0.0,0.0,0.0,0.0,0.0,0.0,0.0,0.0,0.0
Unknown_Village_345,WARANGAL,369.7660279043441,0.0,0.0,0.0,0.0,0.0,0.0,0.0,0.0,0.0,0.0,0.0,0.0,0.0,0.0,0.0,0.0
Unknown_Village_346,WARANGAL,695.0710387694708,0.0,0.0,0.0,0.0,0.0,0.0,0.0,0.0,0.0,0.0,0.0,0.0,0.0,0.0,0.0,0.0
Unknown_Village_347,WARANGAL,686.1325476973312,19.619991564869597,2.8595045710503766,6.914053067426496,1.343020846985462,1.9810822459291932,5.1004771301778105,0.1484919292434991,2.072337919547881,2.060528425559247,1.0076847528411437,0.1957378135598807,0.2887317111799649,0.7433661538568708,0.0216418722216049,0.3020317177056636,0.3003105496852473
Unknown_Village_348,WARANGAL,1954.5915259890555,43.962943578452325,2.249213863556804,14.12316661572029,2.295425791311821,2.6746892367763166,19.16548963221229,0.0,1.9348769135658408,3.7692953888657534,0.7225635856869754,0.1174376211495288,0.1368413400555842,0.9805368220101248,0.0,0.0989913691857822,0.1928431254688075
Unknown_Village_349,WARANGAL,1321.1979632187524,0.0,0.0,0.0,0.0,0.0,0.0,0.0,0.0,0.0,0.0,0.0,0.0,0.0,0.0,0.0,0.0
Unknown_Village_350,WARANGAL,1003.809345149232,0.0,0.0,0.0,0.0,0.0,0.0,0.0,0.0,0.0,0.0,0.0,0.0,0.0,0.0,0.0,0.0
Unknown_Village_351,WARANGAL,1232.0172063002162,0.0,0.0,0.0,0.0,0.0,0.0,0.0,0.0,0.0,0.0,0.0,0.0,0.0,0.0,0.0,0.0
Unknown_Village_352,WARANGAL,424.3162447929686,0.0,0.0,0.0,0.0,0.0,0.0,0.0,0.0,0.0,0.0,0.0,0.0,0.0,0.0,0.0,0.0
Unknown_Village_353,WARANGAL,744.4209875703558,0.0,0.0,0.0,0.0,0.0,0.0,0.0,0.0,0.0,0.0,0.0,0.0,0.0,0.0,0.0,0.0
Unknown_Village_354,WARANGAL,1093.5579105091954,4.599258719314871,0.4205775181282635,0.1370848050884172,0.2277681088107239,0.6131856946907795,3.166869890235448,0.0,0.0851906997680664,0.3691595207214355,0.012535669466703,0.0208281707463181,0.0560725398077236,0.2895932496854101,0.0,0.0077902321357996,0.0337576562863088
Unknown_Village_355,WARANGAL,1817.5169024092088,188.64233263621972,10.379123978773732,11.23518086719286,13.19929597072522,56.71890522032815,94.17866594583,0.3949505246749577,2.7247882048483505,10.190545902620212,0.618161011449196,0.7262268622222385,3.12068103163962,5.181721601652866,0.0217302256805112,0.1499181768948893,0.5606850692344121
Unknown_Village_356,WARANGAL,1674.5843962324714,0.0,0.0,0.0,0.0,0.0,0.0,0.0,0.0,0.0,0.0,0.0,0.0,0.0,0.0,0.0,0.0
Unknown_Village_357,WARANGAL,1701.7799672129988,1655.5654362811251,97.2843415822106,202.51684015649855,111.87482097491156,159.13959721256674,1003.4393895346174,32.82900755242439,44.225664959243936,101.54011589086254,11.900295223721544,6.57398859607736,9.35136153196052,58.96410869014681,1.92909824918132,2.598788669000036,5.966700622122997
Unknown_Village_358,WARANGAL,427.3034832638679,417.9004939138362,97.79945876448072,82.39142917889436,38.7616239199921,37.72475270815963,225.75642595418492,1.8667025032043487,10.520926671734982,20.87863297766594,19.281712507832776,9.071216462809891,8.828561943845397,52.83280731291772,0.4368563740566619,2.4621673082028472,4.886136854815431
Unknown_Village_359,WARANGAL,783.0879883302629,0.0,0.0,0.0,0.0,0.0,0.0,0.0,0.0,0.0,0.0,0.0,0.0,0.0,0.0,0.0,0.0
Unknown_Village_360,WARANGAL,2020.28119647052,0.0,0.0,0.0,0.0,0.0,0.0,0.0,0.0,0.0,0.0,0.0,0.0,0.0,0.0,0.0,0.0
Unknown_Village_361,WARANGAL,1161.4577714133577,0.0,0.0,0.0,0.0,0.0,0.0,0.0,0.0,0.0,0.0,0.0,0.0,0.0,0.0,0.0,0.0
Unknown_Village_362,WARANGAL,938.733110177712,0.0,0.0,0.0,0.0,0.0,0.0,0.0,0.0,0.0,0.0,0.0,0.0,0.0,0.0,0.0,0.0
Unknown_Village_363,WARANGAL,1024.2676929698202,0.0,0.0,0.0,0.0,0.0,0.0,0.0,0.0,0.0,0.0,0.0,0.0,0.0,0.0,0.0,0.0
Unknown_Village_364,WARANGAL,2004.810628638912,1970.4312210432736,98.28515436298449,445.6667715555852,167.37001162433938,122.71936956033412,1059.1314847192634,9.178832930755584,57.75894665918723,108.60580399380898,22.22986875614049,8.348420007029231,6.121244959861854,52.829502676685216,0.4578403964761098,2.8810175801192965,5.417259986672291
Unknown_Village_365,WARANGAL,1183.1110774787176,1164.31136242282,98.41099323522852,262.5654835970247,77.44648359718485,74.3982728578627,658.2662185048167,9.516870886230436,24.143621304405187,57.97441167529541,22.19280070951308,6.546002744072693,6.288359079217649,55.63858128246272,0.8043936928146657,2.040689311764093,4.90016641538362
Unknown_Village_366,WARANGAL,1086.2826843437992,1022.0531623548108,94.0872184639684,285.5237847279959,76.14757901301557,73.91221172001745,432.7051025195988,66.96792270698691,30.788821284721323,56.00774038247481,26.284482744974884,7.009922933551568,6.804141572473493,39.83356346888535,6.164870679812119,2.8343286446952995,5.155908419575694
Unknown_Village_367,WARANGAL,469.84226365756206,463.67546854022805,98.6874754371121,89.7954457692642,22.08090507502832,28.031566223312115,283.6720908778209,6.475236205549059,13.473642273457822,20.14658211579566,19.11182809954925,4.6996421529080825,5.966165326442946,60.37602676896928,1.3781723583445962,2.8676948234861004,4.287945907411857
Unknown_Village_368,WARANGAL,1601.567343653583,1569.9300691773308,98.0246054215816,421.8976596921909,117.50013726877428,146.69975388641484,669.9895340739532,12.81368291192451,84.679183890596,116.35011745347674,26.34279859439035,7.336571748567658,9.159761808813816,41.833366341345126,0.8000714401864135,5.287269637842465,7.264765850435767
Unknown_Village_369,WARANGAL,820.3124247339499,811.3640217556688,98.90914696541586,173.3309561218391,68.93881614675468,115.63818002373556,286.1819793375621,0.3027519859313964,90.13867239867017,76.83266574117584,21.129870875484443,8.403970739454964,14.096846096319975,34.886949253557745,0.0369069121474768,10.988334405382757,9.366268683068505
Unknown_Village_370,WARANGAL,526.074480520782,0.0,0.0,0.0,0.0,0.0,0.0,0.0,0.0,0.0,0.0,0.0,0.0,0.0,0.0,0.0,0.0
Unknown_Village_371,WARANGAL,1078.5692074374676,4.222289550658579,0.3914713605342173,1.119595526688519,0.1188237066171683,0.2393537104079303,1.4652752675673528,0.0,0.6813788373580633,0.5978625020195454,0.1038037725319939,0.0110167901881305,0.0221917804399962,0.135853615833206,0.0,0.0631743269379,0.0554310746029904
Unknown_Village_372,WARANGAL,1137.98722799888,0.0,0.0,0.0,0.0,0.0,0.0,0.0,0.0,0.0,0.0,0.0,0.0,0.0,0.0,0.0,0.0
Unknown_Village_373,WARANGAL,1278.0019221963769,0.0,0.0,0.0,0.0,0.0,0.0,0.0,0.0,0.0,0.0,0.0,0.0,0.0,0.0,0.0,0.0
Unknown_Village_374,WARANGAL,637.5965456320141,0.0,0.0,0.0,0.0,0.0,0.0,0.0,0.0,0.0,0.0,0.0,0.0,0.0,0.0,0.0,0.0
Unknown_Village_375,WARANGAL,552.4428718439976,15.42029724246458,2.791292643706889,3.644430036848489,0.6942479909590178,0.6992754433874989,4.750479834642618,1.65240898890177,2.283220725244268,1.6962342224809213,0.6596935579390779,0.1256687390393307,0.1265787792778263,0.8599042682523902,0.2991094777612386,0.4132953544360362,0.3070424670009888
Unknown_Village_376,WARANGAL,2498.943338691756,14.310565557642883,0.572664667344348,0.8381132354736329,0.8147229384418573,2.394649962271896,3.257000345994525,0.227108130645752,1.706768847575468,5.072202097239753,0.0335387050397229,0.0326026975412888,0.0958265009532205,0.130335101863479,0.0090881664713793,0.0682996217300786,0.2029738737451785
Unknown_Village_377,WARANGAL,1275.7786095141648,1142.7735979216195,89.57460090640684,364.9553669155824,155.61755548783543,145.99690525373185,271.5575250515752,30.579225142711444,71.66229401826074,102.40472605192264,28.60648110839253,12.19784955848232,11.443749265347035,21.2856308317466,2.396906870413548,5.617141836666378,8.026841435358435
Unknown_Village_378,WARANGAL,1197.5318605337566,1181.0252378153723,98.62161306413785,123.14963559558016,64.02775870072905,126.00331024355462,756.9542423814064,6.226280418524633,26.26116227630321,78.4028481992744,10.28362080827567,5.34664344313904,10.521917152783994,63.20952847501038,0.5199260766013769,2.192940592377913,6.547036515949493
Unknown_Village_379,WARANGAL,1325.4794504508425,1288.5583043703373,97.21450633821996,314.4322578896532,58.66942400543449,110.17024985308674,636.6664462382142,15.08060980603087,54.69100698749882,98.84830959041864,23.722152597892304,4.426279410478898,8.311728244116795,48.03291714719994,1.1377475373836554,4.126130131168497,7.457551269979843
Unknown_Village_380,WARANGAL,1099.019887124762,1078.6936288718312,98.1505104237824,202.41809192716545,126.23799864144348,104.85951559144034,495.5203303085232,13.93560116424564,58.95481505312775,76.76727618588534,18.41805542361279,11.486416225979792,9.541184542690315,45.08747622437437,1.2680026383056389,5.36430830267907,6.985067066140416
Unknown_Village_381,WARANGAL,729.0739545276597,696.4767220706602,95.528953920989,74.28408049792351,111.42149223967628,163.196073208254,286.7634638686839,6.646989310455328,13.849142801618374,40.31548014404877,10.188826529408727,15.282604946690515,22.384021839592773,39.332561818707056,0.9117030267199256,1.899552537244418,5.529683222625569
Unknown_Village_382,WARANGAL,813.7365440099253,791.1015743071525,97.21839090681212,114.1975556284792,38.25400071108658,63.911970077682085,457.5008589633394,17.499992009645357,33.04851336608005,66.68868355083985,14.033725837816904,4.701030203532311,7.854135413746705,56.22223339127304,2.1505722138776044,4.061328400371921,8.195365446193655
Unknown_Village_383,WARANGAL,1140.2521674593677,0.0,0.0,0.0,0.0,0.0,0.0,0.0,0.0,0.0,0.0,0.0,0.0,0.0,0.0,0.0,0.0
Unknown_Village_384,WARANGAL,1941.3013995609333,0.0,0.0,0.0,0.0,0.0,0.0,0.0,0.0,0.0,0.0,0.0,0.0,0.0,0.0,0.0,0.0
Unknown_Village_385,WARANGAL,1541.67651237644,0.0,0.0,0.0,0.0,0.0,0.0,0.0,0.0,0.0,0.0,0.0,0.0,0.0,0.0,0.0,0.0
Unknown_Village_386,WARANGAL,2468.33370843935,0.0,0.0,0.0,0.0,0.0,0.0,0.0,0.0,0.0,0.0,0.0,0.0,0.0,0.0,0.0,0.0
Unknown_Village_387,WARANGAL,1039.853830385977,1010.5683397917928,97.18369161718488,226.78132331724345,104.82894017838578,78.01802163892957,464.2813689027872,34.37547922885671,34.81169008744177,67.4715164381484,21.808961672340608,10.08112266504562,7.502787349446079,44.64871459197812,3.3057991637244903,3.347748411382033,6.488557763267945
Unknown_Village_388,WARANGAL,645.1415173893255,636.9019967174653,98.722835153254,69.00107288040836,36.81161098086493,57.53140744726182,403.3467278480176,3.549444748131246,24.79964714035035,41.86208567243113,10.695494092464068,5.705974579008548,8.917641462616205,62.52065895250836,0.5501807979270464,3.8440631197797215,6.488822148950072
Unknown_Village_389,WARANGAL,1525.3045758025448,0.0,0.0,0.0,0.0,0.0,0.0,0.0,0.0,0.0,0.0,0.0,0.0,0.0,0.0,0.0,0.0
Unknown_Village_390,WARANGAL,2028.7917715787744,0.5520699071098776,0.0272117579952655,0.0,0.0412943240476122,0.3569331898797726,0.067573125741996,0.0,0.0,0.0862692674404966,0.0,0.002035414606176,0.0175933871026109,0.0033307077980413,0.0,0.0,0.0042522484884371
